Site,Depth,Sand,Silt,Clay,BulkD,Th33,Th1500,Theta_r,Theta_s,Alpha,N,Ks,Ko,L
ACME,5,73,19.7,7.2,1.27,0.142,0.041,0.02,0.432,0.495,1.35,193,46.4,-1.24
ACME,10,-9.9,-9.9,-9.9,-9.9,-9.9,-9.9,-9.9,-9.9,-9.9,-9.9,-9.9,-9.9,-9.9
ACME,25,60.3,23.9,15.7,1.33,0.196,0.09,0.037,0.425,0.348,1.35,80.6,23.3,-1.16
ACME,45,51.4,27.1,21.5,1.39,0.227,0.113,0.046,0.415,0.254,1.34,40.9,12.8,-1.06
ACME,60,52.5,25.9,21.5,1.6,0.214,0.129,0.055,0.365,0.342,1.32,21.9,12.8,-1.71
ACME,75,53.2,24.1,22.8,1.68,0.223,0.137,0.054,0.351,0.313,1.29,14,10.6,-1.86
ADAX,5,61.1,22,16.9,1.01,0.196,0.088,0.033,0.519,0.554,1.32,238.7,75.3,-1.51
ADAX,10,-9.9,-9.9,-9.9,-9.9,-9.9,-9.9,-9.9,-9.9,-9.9,-9.9,-9.9,-9.9,-9.9
ADAX,25,51.1,25.4,23.5,1.79,0.26,0.147,0.043,0.331,0.142,1.27,3,4.7,-1.27
ADAX,45,48.8,27.8,23.4,1.76,0.244,0.132,0.043,0.334,0.161,1.29,5.2,5.6,-1.23
ADAX,60,47.6,24.6,27.8,1.85,0.301,0.181,0.043,0.33,0.089,1.24,0.8,2.7,-1.06
ADAX,75,43.6,26.6,29.8,1.86,0.316,0.196,0.044,0.334,0.083,1.22,0.5,2.4,-1.14
ALTU,5,23.8,40,36.2,1.57,0.304,0.17,0.061,0.399,0.108,1.31,5.9,3.1,-0.63
ALTU,10,-9.9,-9.9,-9.9,-9.9,-9.9,-9.9,-9.9,-9.9,-9.9,-9.9,-9.9,-9.9,-9.9
ALTU,25,17.8,45.2,37,1.56,0.334,0.2,0.066,0.412,0.104,1.28,4,2.7,-0.74
ALTU,45,15.5,37.7,46.7,1.63,0.371,0.246,0.065,0.414,0.095,1.21,1.8,2.3,-1.25
ALTU,60,14.3,40.9,44.8,1.69,0.356,0.244,0.064,0.396,0.131,1.19,1.3,3.1,-2.28
ALTU,75,15,40.9,44.1,1.73,0.365,0.25,0.06,0.389,0.109,1.18,0.7,2.6,-2.15
ALV2,5,33.3,31.4,35.3,1.66,0.33,0.161,0.054,0.382,0.038,1.44,2.4,1.1,0.41
ALV2,10,-9.9,-9.9,-9.9,-9.9,-9.9,-9.9,-9.9,-9.9,-9.9,-9.9,-9.9,-9.9,-9.9
ALV2,25,21.2,29.7,49.1,1.58,0.331,0.197,0.065,0.414,0.094,1.28,8.2,2.5,-0.58
ALV2,45,18.4,36.9,44.7,1.67,0.328,0.21,0.062,0.39,0.12,1.23,2.9,3.1,-1.41
ALV2,60,19.8,29.8,50.5,1.64,0.321,0.228,0.073,0.398,0.228,1.2,6.7,5.4,-2.88
ALV2,75,-9.9,-9.9,-9.9,-9.9,-9.9,-9.9,-9.9,-9.9,-9.9,-9.9,-9.9,-9.9,-9.9
ANT2,5,55.9,35.3,8.8,1.45,0.233,0.056,0.024,0.365,0.074,1.49,28.9,3.6,0.29
ANT2,10,56.3,33,10.7,1.54,0.225,0.049,0.023,0.347,0.067,1.51,18.5,3.1,0.28
ANT2,25,57.9,31.2,10.9,1.71,0.176,0.074,0.028,0.318,0.256,1.33,16.9,12.1,-1.24
ANT2,45,51.1,26.9,22,1.71,0.278,0.111,0.04,0.347,0.047,1.47,3.7,1.6,0.27
ANT2,60,47.7,26.8,25.5,1.69,0.235,0.131,0.047,0.347,0.208,1.29,10,7.2,-1.42
ANT2,75,46.5,27.4,26.1,1.71,0.293,0.138,0.045,0.356,0.056,1.4,3,1.7,0.1
ANTL,5,77.5,14.8,7.7,1.19,0.064,0.011,0.011,0.457,0.761,1.65,446.5,136.8,-0.88
ANTL,10,-9.9,-9.9,-9.9,-9.9,-9.9,-9.9,-9.9,-9.9,-9.9,-9.9,-9.9,-9.9,-9.9
ANTL,25,78,16.3,5.7,1.26,0.062,0.008,0.008,0.435,0.731,1.63,390.3,112.7,-0.91
ANTL,45,78.1,16.3,5.6,1.67,0.091,0.009,0.009,0.324,0.449,1.41,92.5,30.8,-1.19
ANTL,60,76.8,16.3,6.9,1.92,0.109,0.013,0.013,0.271,0.289,1.36,27.3,17.9,-1.17
ANTL,75,80,8.8,11.3,1.95,0.102,0.019,0.018,0.273,0.348,1.36,51.7,20.9,-1.32
APAC,5,76.9,11.3,11.9,1.41,0.126,0.035,0.022,0.409,0.491,1.38,211.3,41.1,-1.21
APAC,10,-9.9,-9.9,-9.9,-9.9,-9.9,-9.9,-9.9,-9.9,-9.9,-9.9,-9.9,-9.9,-9.9
APAC,25,59.4,19.4,21.3,1.48,0.175,0.08,0.038,0.393,0.355,1.36,77,20.3,-1.24
APAC,45,38.7,30.7,30.7,1.5,0.263,0.135,0.053,0.397,0.147,1.34,15.1,5.3,-0.74
APAC,60,31.6,33.9,34.5,1.59,0.291,0.162,0.057,0.389,0.12,1.31,6.8,3.6,-0.74
APAC,75,32.3,28.8,38.8,1.66,0.308,0.195,0.06,0.382,0.145,1.24,4.5,4,-1.49
ARD2,5,33.6,34.1,32.2,1.29,0.223,0.128,0.065,0.446,0.369,1.36,37,19.7,-1.39
ARD2,10,-9.9,-9.9,-9.9,-9.9,-9.9,-9.9,-9.9,-9.9,-9.9,-9.9,-9.9,-9.9,-9.9
ARD2,25,27,33.7,39.4,1.52,0.314,0.181,0.064,0.414,0.115,1.3,8.4,3.3,-0.7
ARD2,45,13.6,31.3,55,1.49,0.376,0.246,0.075,0.454,0.11,1.24,8.7,2.7,-1.06
ARD2,60,11.2,33.8,54.9,1.63,0.365,0.261,0.071,0.416,0.163,1.18,3.2,3.7,-2.9
ARD2,75,11.3,35.7,53,1.67,0.363,0.253,0.066,0.406,0.131,1.18,2.1,3.1,-2.36
ARNE,5,45.5,31.1,23.4,1.53,0.223,0.091,0.037,0.372,0.146,1.38,20.7,6.4,-0.54
ARNE,10,-9.9,-9.9,-9.9,-9.9,-9.9,-9.9,-9.9,-9.9,-9.9,-9.9,-9.9,-9.9,-9.9
ARNE,25,36.9,35.7,27.4,1.35,0.211,0.103,0.047,0.419,0.288,1.36,30.4,15.5,-1.09
ARNE,45,35,35.1,30,1.37,0.193,0.108,0.057,0.417,0.401,1.39,34,21.7,-1.36
ARNE,60,38.8,30.6,30.6,1.43,0.205,0.111,0.055,0.406,0.332,1.36,36.2,15.6,-1.34
ARNE,75,43.3,26.8,30,1.48,0.209,0.114,0.055,0.396,0.312,1.35,38.8,13.6,-1.38
BEAV,5,40.6,35.1,24.3,1.47,0.242,0.109,0.043,0.389,0.146,1.37,16.7,6.1,-0.56
BEAV,10,-9.9,-9.9,-9.9,-9.9,-9.9,-9.9,-9.9,-9.9,-9.9,-9.9,-9.9,-9.9,-9.9
BEAV,25,29,41,30.1,1.34,0.247,0.12,0.052,0.427,0.193,1.36,21.5,8.7,-0.77
BEAV,45,24.2,42.4,33.4,1.37,0.245,0.139,0.065,0.427,0.273,1.33,19.5,11.1,-1.33
BEAV,60,32.2,37.1,30.7,1.41,0.192,0.128,0.079,0.406,0.48,1.45,29.3,20.4,-1.57
BEAV,75,35.1,33.1,31.8,1.45,0.234,0.119,0.053,0.404,0.215,1.34,23.2,8.9,-1.02
BESS,5,26,50.5,23.6,1.36,0.266,0.121,0.047,0.413,0.125,1.39,20,5.2,-0.32
BESS,10,-9.9,-9.9,-9.9,-9.9,-9.9,-9.9,-9.9,-9.9,-9.9,-9.9,-9.9,-9.9,-9.9
BESS,25,32.1,50.3,17.6,1.24,0.192,0.093,0.038,0.423,0.382,1.37,35.5,26.7,-1.15
BESS,45,-9.9,-9.9,-9.9,-9.9,-9.9,-9.9,-9.9,-9.9,-9.9,-9.9,-9.9,-9.9,-9.9
BESS,60,-9.9,-9.9,-9.9,-9.9,-9.9,-9.9,-9.9,-9.9,-9.9,-9.9,-9.9,-9.9,-9.9
BESS,75,-9.9,-9.9,-9.9,-9.9,-9.9,-9.9,-9.9,-9.9,-9.9,-9.9,-9.9,-9.9,-9.9
BIXB,5,43.6,49.5,6.9,1.02,0.292,0.067,0.025,0.45,0.063,1.51,172.7,3.7,0.93
BIXB,10,-9.9,-9.9,-9.9,-9.9,-9.9,-9.9,-9.9,-9.9,-9.9,-9.9,-9.9,-9.9,-9.9
BIXB,25,36.7,53.2,10,1.48,0.192,0.061,0.023,0.347,0.174,1.39,31.3,9.3,-0.6
BIXB,45,37.2,54.1,8.8,1.57,0.188,0.061,0.023,0.327,0.174,1.38,26.5,8.9,-0.69
BIXB,60,28.6,57.6,13.8,1.51,0.242,0.082,0.031,0.356,0.081,1.46,21.2,3.5,0.05
BIXB,75,36.7,47,16.3,1.51,0.284,0.095,0.039,0.372,0.042,1.59,11.6,1.6,0.5
BLAC,5,27.8,49.2,23,1.43,0.282,0.151,0.057,0.408,0.149,1.33,16.4,5.2,-0.76
BLAC,10,-9.9,-9.9,-9.9,-9.9,-9.9,-9.9,-9.9,-9.9,-9.9,-9.9,-9.9,-9.9,-9.9
BLAC,25,17.5,44.8,37.8,1.39,0.334,0.169,0.068,0.446,0.07,1.41,10.6,2,0.09
BLAC,45,15.5,42.3,42.3,1.52,0.317,0.203,0.075,0.422,0.182,1.25,7.6,4.8,-1.65
BLAC,60,20,40.3,39.7,1.63,0.33,0.201,0.062,0.397,0.102,1.26,2.9,2.7,-0.87
BLAC,75,-9.9,-9.9,-9.9,-9.9,-9.9,-9.9,-9.9,-9.9,-9.9,-9.9,-9.9,-9.9,-9.9
BOIS,5,35,23.8,41.2,1.23,0.247,0.16,0.092,0.488,0.447,1.35,71.9,23.1,-1.76
BOIS,10,-9.9,-9.9,-9.9,-9.9,-9.9,-9.9,-9.9,-9.9,-9.9,-9.9,-9.9,-9.9,-9.9
BOIS,25,19.7,30.2,50.1,1.46,0.336,0.23,0.084,0.448,0.226,1.23,16,5.8,-2.21
BOIS,45,16.3,37,46.7,1.56,0.355,0.269,0.087,0.424,0.304,1.17,4.1,6.3,-4.2
BOIS,60,9.9,42.8,47.3,1.59,0.359,0.265,0.081,0.42,0.248,1.17,2.7,5.2,-3.97
BOIS,75,-9.9,-9.9,-9.9,-9.9,-9.9,-9.9,-9.9,-9.9,-9.9,-9.9,-9.9,-9.9,-9.9
BOWL,5,58,28.8,13.2,1.23,0.19,0.051,0.021,0.428,0.246,1.35,89,18.7,-0.66
BOWL,10,-9.9,-9.9,-9.9,-9.9,-9.9,-9.9,-9.9,-9.9,-9.9,-9.9,-9.9,-9.9,-9.9
BOWL,25,47.2,26.4,26.4,1.67,0.252,0.125,0.044,0.356,0.125,1.33,8.8,4.4,-0.68
BOWL,45,38.2,28.4,33.4,1.62,0.296,0.164,0.055,0.383,0.105,1.31,6.1,3.2,-0.6
BOWL,60,31.4,31.5,37.1,1.67,0.314,0.189,0.057,0.38,0.106,1.26,3.2,3,-0.91
BOWL,75,26.8,35.3,37.9,1.67,0.298,0.182,0.059,0.376,0.14,1.25,4,3.9,-1.33
BREC,5,18.8,57.1,24.1,1.4,0.303,0.149,0.058,0.421,0.093,1.39,18.6,3,-0.14
BREC,10,-9.9,-9.9,-9.9,-9.9,-9.9,-9.9,-9.9,-9.9,-9.9,-9.9,-9.9,-9.9,-9.9
BREC,25,8.1,48.5,43.4,1.41,0.347,0.237,0.091,0.461,0.232,1.23,9.5,5.7,-2.3
BREC,45,9,43.6,47.5,1.56,0.411,0.314,0.081,0.443,0.229,1.14,1.3,4.4,-5.5
BREC,60,11.7,43.5,44.8,1.56,0.412,0.299,0.075,0.443,0.147,1.16,1.3,3.2,-3.29
BREC,75,14.4,42.1,43.4,1.62,0.383,0.29,0.077,0.418,0.24,1.14,1.2,4.8,-5.09
BRIS,5,64.3,11.9,23.9,1.27,0.158,0.043,0.025,0.453,0.391,1.34,197,35.8,-1.06
BRIS,10,-9.9,-9.9,-9.9,-9.9,-9.9,-9.9,-9.9,-9.9,-9.9,-9.9,-9.9,-9.9,-9.9
BRIS,25,46.4,34.7,18.9,1.54,0.225,0.079,0.032,0.36,0.109,1.41,16.7,4.8,-0.21
BRIS,45,41.4,37.2,21.4,1.51,0.245,0.092,0.037,0.372,0.092,1.43,13.4,3.8,-0.06
BRIS,60,41.2,36.7,22.1,1.53,0.246,0.093,0.037,0.369,0.089,1.43,12.5,3.6,-0.06
BRIS,75,41.9,36,22.1,1.57,0.256,0.098,0.039,0.365,0.075,1.45,9.8,2.8,0.06
BROK,5,45.4,40.8,13.8,1.45,0.19,0.044,0.021,0.358,0.139,1.42,27.3,7.7,-0.28
BROK,10,-9.9,-9.9,-9.9,-9.9,-9.9,-9.9,-9.9,-9.9,-9.9,-9.9,-9.9,-9.9,-9.9
BROK,25,31.8,41,27.2,1.56,0.243,0.117,0.046,0.372,0.148,1.35,10.6,5.5,-0.74
BROK,45,28.3,35.5,36.2,1.59,0.289,0.166,0.06,0.391,0.138,1.29,7.2,4.1,-0.98
BROK,60,31.1,34.1,34.8,1.7,0.29,0.167,0.053,0.365,0.116,1.28,3.6,3.4,-0.93
BROK,75,32.1,34.2,33.6,1.7,0.297,0.161,0.051,0.365,0.083,1.31,3,2.4,-0.42
BUFF,5,31.8,48,20.2,1.44,0.22,0.077,0.031,0.375,0.131,1.41,18,6.4,-0.3
BUFF,10,-9.9,-9.9,-9.9,-9.9,-9.9,-9.9,-9.9,-9.9,-9.9,-9.9,-9.9,-9.9,-9.9
BUFF,25,24.8,53.1,22.1,1.48,0.226,0.08,0.033,0.368,0.114,1.42,14.3,5.1,-0.23
BUFF,45,22.4,49.6,28,1.48,0.23,0.113,0.048,0.384,0.2,1.35,12.8,8.2,-0.97
BUFF,60,22.1,45.3,32.6,1.38,0.241,0.129,0.059,0.418,0.241,1.34,17,10,-1.15
BUFF,75,22.4,44.5,33.1,1.5,0.28,0.148,0.059,0.403,0.132,1.34,9.5,4.3,-0.69
BURB,5,20.1,53.9,26,1.34,0.308,0.115,0.051,0.425,0.048,1.56,17.4,1.8,0.56
BURB,10,-9.9,-9.9,-9.9,-9.9,-9.9,-9.9,-9.9,-9.9,-9.9,-9.9,-9.9,-9.9,-9.9
BURB,25,17,51.4,31.7,1.4,0.296,0.125,0.054,0.421,0.067,1.47,12,2.3,0.24
BURB,45,13.8,47.9,38.3,1.4,0.307,0.158,0.066,0.436,0.101,1.37,11.4,3.1,-0.29
BURB,60,12.2,44.2,43.6,1.52,0.33,0.191,0.069,0.425,0.099,1.3,6.2,2.6,-0.55
BURB,75,12.8,42.3,44.9,1.52,0.303,0.193,0.076,0.419,0.2,1.26,9.2,5.3,-1.71
BURN,5,67.4,23.2,9.4,1.63,0.118,0.023,0.018,0.331,0.36,1.38,58.5,22.5,-1.15
BURN,10,-9.9,-9.9,-9.9,-9.9,-9.9,-9.9,-9.9,-9.9,-9.9,-9.9,-9.9,-9.9,-9.9
BURN,25,64.2,24.5,11.3,1.57,0.161,0.037,0.02,0.344,0.208,1.38,38.6,12,-0.73
BURN,45,67.9,22,10.1,1.69,0.097,0.034,0.024,0.319,0.518,1.46,75.9,34.5,-1.24
BURN,60,68.7,21.3,10,1.67,0.094,0.033,0.025,0.326,0.533,1.48,89.5,37,-1.21
BURN,75,75.6,16.3,8.1,1.61,0.113,0.027,0.019,0.344,0.427,1.39,89.8,27.9,-1.21
BUTL,5,15.6,52,32.3,1.09,0.18,0.117,0.072,0.479,0.571,1.55,18.8,56.8,-1.21
BUTL,10,-9.9,-9.9,-9.9,-9.9,-9.9,-9.9,-9.9,-9.9,-9.9,-9.9,-9.9,-9.9,-9.9
BUTL,25,7.8,57.2,35,1.35,0.267,0.112,0.051,0.426,0.105,1.42,12.5,4.2,-0.09
BUTL,45,4.4,52,43.6,1.63,0.326,0.208,0.069,0.405,0.146,1.23,2.8,3.7,-1.64
BUTL,60,3.3,46.7,49.9,1.6,0.339,0.224,0.073,0.418,0.152,1.22,3.3,3.7,-1.87
BUTL,75,14.2,51.5,34.3,1.71,0.269,0.16,0.056,0.358,0.182,1.25,3.5,5.3,-1.69
BYAR,5,68.6,17.6,13.8,1.55,0.167,0.041,0.021,0.36,0.207,1.38,51.9,12.1,-0.7
BYAR,10,-9.9,-9.9,-9.9,-9.9,-9.9,-9.9,-9.9,-9.9,-9.9,-9.9,-9.9,-9.9,-9.9
BYAR,25,53.6,17.8,28.6,1.62,0.234,0.125,0.049,0.37,0.204,1.31,23.3,7.6,-1.21
BYAR,45,58.2,13.9,27.9,1.74,0.227,0.132,0.048,0.344,0.24,1.28,15.5,8.2,-1.67
BYAR,60,57.4,10.2,32.4,1.8,0.24,0.15,0.05,0.337,0.234,1.25,12.1,7.3,-1.99
BYAR,75,57.8,8.9,33.2,1.85,0.252,0.164,0.048,0.328,0.217,1.23,6.8,6.4,-2.28
CAMA,5,41.7,39.3,19,1.46,0.181,0.071,0.031,0.372,0.263,1.37,26.8,14.4,-0.98
CAMA,10,-9.9,-9.9,-9.9,-9.9,-9.9,-9.9,-9.9,-9.9,-9.9,-9.9,-9.9,-9.9,-9.9
CAMA,25,48.7,30.4,20.9,1.46,0.134,0.062,0.036,0.379,0.483,1.45,63.5,32.4,-1.23
CAMA,45,50.6,28.5,20.9,1.36,0.123,0.056,0.034,0.406,0.546,1.49,84.4,47.2,-1.13
CAMA,60,49.5,26.5,24,1.34,0.139,0.054,0.031,0.415,0.469,1.41,83.7,37.7,-1.15
CAMA,75,54.5,24,21.5,1.39,0.134,0.053,0.031,0.403,0.48,1.42,101.5,36.8,-1.18
CARL,5,34.9,41.1,24,1.3,0.174,0.061,0.029,0.411,0.305,1.37,28.2,21,-0.93
CARL,10,-9.9,-9.9,-9.9,-9.9,-9.9,-9.9,-9.9,-9.9,-9.9,-9.9,-9.9,-9.9,-9.9
CARL,25,28.7,37.6,33.7,1.39,0.281,0.13,0.054,0.424,0.105,1.39,16.6,3.8,-0.19
CARL,45,19.2,41.1,39.8,1.52,0.286,0.187,0.078,0.41,0.259,1.26,10,7.1,-2.01
CARL,60,21.9,42.3,35.9,1.56,0.312,0.185,0.064,0.403,0.127,1.28,5.2,3.5,-0.96
CARL,75,22,43.5,34.5,1.64,0.307,0.18,0.059,0.384,0.115,1.28,3.3,3.2,-0.92
CENT,5,50.9,35.9,13.2,1.5,0.237,0.084,0.031,0.366,0.099,1.42,20.1,4.5,-0.09
CENT,10,-9.9,-9.9,-9.9,-9.9,-9.9,-9.9,-9.9,-9.9,-9.9,-9.9,-9.9,-9.9,-9.9
CENT,25,44.8,37,18.2,1.53,0.174,0.07,0.031,0.355,0.276,1.37,27.2,14.3,-1.09
CENT,45,33.7,34.7,31.6,1.7,0.275,0.15,0.05,0.358,0.116,1.3,4.3,3.6,-0.81
CENT,60,31,34.2,34.8,1.7,0.334,0.166,0.053,0.376,0.035,1.43,1.5,1,0.43
CENT,75,36.1,29.7,34.2,1.71,0.302,0.191,0.055,0.364,0.143,1.23,2.7,4.1,-1.6
CHAN,5,75.5,15.7,8.8,1.5,0.147,0.053,0.025,0.38,0.402,1.37,92.1,26.5,-1.22
CHAN,10,-9.9,-9.9,-9.9,-9.9,-9.9,-9.9,-9.9,-9.9,-9.9,-9.9,-9.9,-9.9,-9.9
CHAN,25,57.9,17.7,24.5,1.72,0.232,0.121,0.042,0.345,0.177,1.3,11.4,6.5,-1.16
CHAN,45,23.2,28.2,48.6,2.11,-9.9,0.332,0.068,0.284,0.284,1.14,0.5,4.2,-6.57
CHAN,60,-9.9,-9.9,-9.9,-9.9,-9.9,-9.9,-9.9,-9.9,-9.9,-9.9,-9.9,-9.9,-9.9
CHAN,75,-9.9,-9.9,-9.9,-9.9,-9.9,-9.9,-9.9,-9.9,-9.9,-9.9,-9.9,-9.9,-9.9
CHER,5,40.6,43.6,15.8,1.46,0.183,0.055,0.024,0.36,0.191,1.39,25,10.7,-0.64
CHER,10,-9.9,-9.9,-9.9,-9.9,-9.9,-9.9,-9.9,-9.9,-9.9,-9.9,-9.9,-9.9,-9.9
CHER,25,34.9,45.5,19.6,1.52,0.209,0.063,0.028,0.352,0.114,1.43,15.2,5.4,-0.22
CHER,45,38.7,40.5,20.9,1.4,0.179,0.063,0.029,0.384,0.255,1.38,26.5,15.1,-0.87
CHER,60,36.1,40.5,23.4,1.33,0.164,0.06,0.03,0.401,0.34,1.38,28.7,22.9,-1.03
CHER,75,37.9,39.9,22.2,1.36,0.155,0.057,0.029,0.394,0.368,1.39,30.4,24.8,-1.09
CHEY,5,40.3,35.8,23.9,1.5,0.22,0.096,0.039,0.377,0.176,1.36,18.5,7.8,-0.74
CHEY,10,-9.9,-9.9,-9.9,-9.9,-9.9,-9.9,-9.9,-9.9,-9.9,-9.9,-9.9,-9.9,-9.9
CHEY,25,41,30.8,28.3,1.31,0.202,0.095,0.045,0.433,0.319,1.36,44.3,19.8,-1.09
CHEY,45,28.2,33.4,38.4,1.34,0.252,0.14,0.067,0.445,0.257,1.33,31.5,10.8,-1.23
CHEY,60,24.8,37.9,37.3,1.42,0.271,0.153,0.066,0.424,0.198,1.32,17.3,6.8,-1.14
CHEY,75,26,38.6,35.4,1.38,0.229,0.129,0.064,0.423,0.303,1.35,24,12.9,-1.36
CHIC,5,10.8,53.9,35.3,1.16,0.327,0.138,0.062,0.484,0.07,1.48,25.3,2.6,0.41
CHIC,10,-9.9,-9.9,-9.9,-9.9,-9.9,-9.9,-9.9,-9.9,-9.9,-9.9,-9.9,-9.9,-9.9
CHIC,25,8.9,56.5,34.6,1.43,0.285,0.179,0.079,0.428,0.259,1.28,11.6,7.7,-1.74
CHIC,45,5.6,49.1,45.3,1.15,0.327,0.187,0.085,0.515,0.185,1.32,25.9,6.7,-0.99
CHIC,60,5.8,51.6,42.6,1.49,0.315,0.218,0.09,0.431,0.289,1.23,7.2,6.9,-2.6
CHIC,75,3.9,46.1,50,1.69,0.357,0.283,0.085,0.398,0.366,1.14,1,6,-6.54
CLAR,5,36.8,37.8,25.4,1.26,0.312,0.125,0.05,0.446,0.064,1.48,23.8,2.5,0.47
CLAR,10,28,44.5,27.5,1.38,0.323,0.157,0.061,0.433,0.072,1.42,13.5,2.3,0.13
CLAR,25,12.5,50.1,37.4,1.46,0.383,0.202,0.075,0.453,0.04,1.45,5.2,1,0.48
CLAR,45,8.5,57,34.5,1.6,0.387,0.254,0.071,0.429,0.096,1.21,1.7,2.2,-1.24
CLAR,60,14.2,64.3,21.5,1.76,0.353,0.138,0.06,0.382,0.015,1.76,1.1,0.5,0.67
CLAR,75,-9.9,-9.9,-9.9,-9.9,-9.9,-9.9,-9.9,-9.9,-9.9,-9.9,-9.9,-9.9,-9.9
CLAY,5,37.2,40.6,22.2,1.23,0.199,0.075,0.031,0.431,0.27,1.36,33.8,18.8,-0.81
CLAY,10,-9.9,-9.9,-9.9,-9.9,-9.9,-9.9,-9.9,-9.9,-9.9,-9.9,-9.9,-9.9,-9.9
CLAY,25,26.6,44.6,28.9,1.16,0.22,0.085,0.037,0.454,0.233,1.36,27.7,16.1,-0.63
CLAY,45,-9.9,-9.9,-9.9,-9.9,-9.9,-9.9,-9.9,-9.9,-9.9,-9.9,-9.9,-9.9,-9.9
CLAY,60,-9.9,-9.9,-9.9,-9.9,-9.9,-9.9,-9.9,-9.9,-9.9,-9.9,-9.9,-9.9,-9.9
CLAY,75,-9.9,-9.9,-9.9,-9.9,-9.9,-9.9,-9.9,-9.9,-9.9,-9.9,-9.9,-9.9,-9.9
CLOU,5,36.6,54,9.4,1.5,0.282,0.058,0.032,0.358,0.026,1.8,18.4,1.2,0.72
CLOU,10,-9.9,-9.9,-9.9,-9.9,-9.9,-9.9,-9.9,-9.9,-9.9,-9.9,-9.9,-9.9,-9.9
CLOU,25,31.5,50.2,18.2,1.51,0.232,0.077,0.031,0.359,0.091,1.45,15,4,-0.04
CLOU,45,16.9,43.8,39.4,1.5,0.299,0.186,0.074,0.419,0.197,1.27,9.2,5.5,-1.54
CLOU,60,19.4,42.8,37.8,1.57,0.247,0.171,0.085,0.385,0.388,1.29,10.8,10,-2.27
CLOU,75,-9.9,-9.9,-9.9,-9.9,-9.9,-9.9,-9.9,-9.9,-9.9,-9.9,-9.9,-9.9,-9.9
COOK,5,36.2,46.1,17.6,1.03,0.281,0.072,0.029,0.464,0.081,1.46,79.9,4.9,0.7
COOK,10,-9.9,-9.9,-9.9,-9.9,-9.9,-9.9,-9.9,-9.9,-9.9,-9.9,-9.9,-9.9,-9.9
COOK,25,21,60.8,18.2,1.35,0.246,0.072,0.03,0.389,0.078,1.49,25.5,3.7,0.29
COOK,45,23.4,55.9,20.7,1.27,0.242,0.075,0.031,0.408,0.101,1.45,25.4,5.2,0.15
COOK,60,-9.9,-9.9,-9.9,-9.9,-9.9,-9.9,-9.9,-9.9,-9.9,-9.9,-9.9,-9.9,-9.9
COOK,75,-9.9,-9.9,-9.9,-9.9,-9.9,-9.9,-9.9,-9.9,-9.9,-9.9,-9.9,-9.9,-9.9
COPA,5,44.6,33.4,22,1.45,0.243,0.091,0.037,0.387,0.105,1.42,19.6,4.6,-0.11
COPA,10,-9.9,-9.9,-9.9,-9.9,-9.9,-9.9,-9.9,-9.9,-9.9,-9.9,-9.9,-9.9,-9.9
COPA,25,28.9,35.6,35.6,1.12,0.161,0.119,0.093,0.485,0.566,1.81,40.1,50.3,-1.22
COPA,45,20.8,24.5,54.7,1.18,0.307,0.199,0.101,0.522,0.344,1.29,63.6,14.1,-2.02
COPA,60,49.4,17.1,33.5,1.47,0.278,0.14,0.053,0.417,0.129,1.34,29.9,4.7,-0.51
COPA,75,54.7,13.8,31.5,1.59,0.253,0.155,0.06,0.389,0.259,1.28,27.4,8.8,-1.67
DURA,5,41.9,30.9,27.1,1.45,0.272,0.117,0.046,0.402,0.092,1.41,15.5,3.5,-0.05
DURA,10,-9.9,-9.9,-9.9,-9.9,-9.9,-9.9,-9.9,-9.9,-9.9,-9.9,-9.9,-9.9,-9.9
DURA,25,44.3,29.1,26.6,1.51,0.205,0.102,0.046,0.381,0.266,1.35,31.3,11.9,-1.2
DURA,45,30,22.3,47.8,1.44,0.313,0.216,0.088,0.448,0.289,1.24,28.4,8,-2.3
DURA,60,17.8,19.3,63,1.49,0.453,0.333,0.072,0.475,0.106,1.16,3.5,2.4,-2.48
DURA,75,19.9,21.8,58.3,1.6,0.421,0.315,0.069,0.437,0.137,1.15,2,3,-3.64
ELKC,5,48.7,35.5,15.8,1.44,0.227,0.097,0.036,0.386,0.173,1.37,27.5,8.4,-0.64
ELKC,10,48.3,33.9,17.8,1.46,0.201,0.094,0.038,0.383,0.272,1.35,31.9,13.8,-1.1
ELKC,25,38.5,34.7,26.8,1.35,0.215,0.112,0.051,0.421,0.31,1.35,31,16.2,-1.21
ELKC,45,-9.9,-9.9,-9.9,-9.9,-9.9,-9.9,-9.9,-9.9,-9.9,-9.9,-9.9,-9.9,-9.9
ELKC,60,43.5,29,27.4,1.49,0.214,0.126,0.06,0.393,0.346,1.34,31.1,14.1,-1.54
ELKC,75,-9.9,-9.9,-9.9,-9.9,-9.9,-9.9,-9.9,-9.9,-9.9,-9.9,-9.9,-9.9,-9.9
ELRE,5,16.3,60.9,22.8,1.34,0.408,0.109,0.08,0.459,0.011,2.3,13.9,0.6,0.65
ELRE,10,-9.9,-9.9,-9.9,-9.9,-9.9,-9.9,-9.9,-9.9,-9.9,-9.9,-9.9,-9.9,-9.9
ELRE,25,11.6,59.8,28.6,1.47,0.288,0.116,0.05,0.403,0.061,1.49,10.5,2.1,0.27
ELRE,45,10.1,55.2,34.7,1.44,0.315,0.154,0.064,0.428,0.074,1.41,9.2,2.2,0.03
ELRE,60,9.2,47.7,43.2,1.62,0.329,0.212,0.069,0.405,0.146,1.23,3.1,3.7,-1.67
ELRE,75,5.3,44.1,50.6,-9.9,0.37,-9.9,0.104,0.509,0.146,1.33,17.8,3.4,-1
ERIC,5,63.5,22.6,13.8,1.43,0.128,0.047,0.026,0.39,0.493,1.41,111.7,37.3,-1.21
ERIC,10,-9.9,-9.9,-9.9,-9.9,-9.9,-9.9,-9.9,-9.9,-9.9,-9.9,-9.9,-9.9,-9.9
ERIC,25,57.4,26.3,16.3,1.46,0.165,0.057,0.027,0.378,0.3,1.37,57.3,18.2,-1.03
ERIC,45,47.8,32.1,20.1,1.5,0.216,0.083,0.033,0.372,0.152,1.38,23.3,7.2,-0.52
ERIC,60,42.2,33.9,23.9,1.47,0.234,0.107,0.043,0.389,0.169,1.36,19.6,7.3,-0.7
ERIC,75,37.6,35.3,27.1,1.53,0.275,0.127,0.048,0.386,0.091,1.39,9,3.1,-0.17
EUFA,5,36,53.2,10.8,1.62,0.331,0.099,0.048,0.368,0.016,1.91,5.9,0.7,0.69
EUFA,10,-9.9,-9.9,-9.9,-9.9,-9.9,-9.9,-9.9,-9.9,-9.9,-9.9,-9.9,-9.9,-9.9
EUFA,25,19.8,40,40.2,1.63,0.369,0.23,0.063,0.41,0.07,1.26,1.5,1.7,-0.43
EUFA,45,15.9,45.8,38.3,1.68,0.386,0.254,0.062,0.407,0.075,1.21,0.7,1.8,-0.99
EUFA,60,19.3,52.5,28.2,1.78,-9.9,0.279,0.063,0.339,0.111,1.36,1.7,2.8,-0.81
EUFA,75,14.1,56.4,29.5,1.8,-9.9,0.291,0.065,0.339,0.108,1.35,1.4,2.6,-0.82
FAIR,5,18.6,51.7,29.8,1.34,0.222,0.08,0.036,0.407,0.151,1.4,15.2,7.8,-0.35
FAIR,10,-9.9,-9.9,-9.9,-9.9,-9.9,-9.9,-9.9,-9.9,-9.9,-9.9,-9.9,-9.9,-9.9
FAIR,25,17.8,47.8,34.4,1.42,0.269,0.111,0.049,0.411,0.089,1.43,12.3,3.3,0
FAIR,45,15.9,45.9,38.2,1.38,0.266,0.126,0.057,0.426,0.135,1.38,15.2,5,-0.46
FAIR,60,13,43.5,43.5,1.47,0.283,0.159,0.068,0.421,0.16,1.31,12.4,4.9,-0.99
FAIR,75,8,41.8,50.2,1.71,0.313,0.206,0.065,0.384,0.16,1.21,3.2,4,-2.08
FITT,5,59,22.7,18.3,1.33,0.19,0.078,0.033,0.425,0.323,1.35,85.9,22.1,-1.05
FITT,10,-9.9,-9.9,-9.9,-9.9,-9.9,-9.9,-9.9,-9.9,-9.9,-9.9,-9.9,-9.9,-9.9
FITT,25,56.8,16.5,26.7,1.36,0.189,0.111,0.06,0.439,0.48,1.39,124.2,31.1,-1.42
FITT,45,47.5,8.3,44.2,1.36,0.283,0.181,0.081,0.468,0.316,1.28,83.5,12.2,-1.84
FITT,60,48.1,1.9,50,1.73,0.383,0.262,0.052,0.387,0.068,1.2,2,1.8,-0.99
FITT,75,57.1,0.6,42.3,1.76,0.359,0.223,0.047,0.37,0.047,1.26,2.1,1.3,-0.05
FORA,5,46.2,34.2,19.6,1.15,0.268,0.093,0.035,0.456,0.115,1.4,55.2,6.6,0.18
FORA,10,-9.9,-9.9,-9.9,-9.9,-9.9,-9.9,-9.9,-9.9,-9.9,-9.9,-9.9,-9.9,-9.9
FORA,25,45.3,28.6,26.1,1.36,0.255,0.111,0.044,0.421,0.139,1.38,29.8,6.3,-0.36
FORA,45,60.6,17.1,22.2,1.49,0.256,0.107,0.04,0.396,0.11,1.39,25.5,4.7,-0.19
FORA,60,58.9,17.1,24,1.64,0.284,0.127,0.043,0.369,0.065,1.41,7,2.2,0.1
FORA,75,-9.9,-9.9,-9.9,-9.9,-9.9,-9.9,-9.9,-9.9,-9.9,-9.9,-9.9,-9.9,-9.9
FREE,5,17.3,59.9,22.7,1.2,0.249,0.108,0.042,0.44,0.178,1.38,31.2,9.8,-0.46
FREE,10,-9.9,-9.9,-9.9,-9.9,-9.9,-9.9,-9.9,-9.9,-9.9,-9.9,-9.9,-9.9,-9.9
FREE,25,15.5,59.9,24.6,1.06,0.204,0.082,0.033,0.467,0.337,1.36,22.9,29.5,-0.91
FREE,45,12.9,58.7,28.4,1.09,0.304,0.105,0.046,0.475,0.071,1.5,35.9,3.4,0.62
FREE,60,17.8,50.6,31.6,1.31,0.215,0.137,0.077,0.431,0.442,1.4,18,20.7,-1.55
FREE,75,10.5,53.6,35.9,1.44,0.245,0.15,0.074,0.411,0.315,1.32,11.6,10.7,-1.68
FTCB,5,78.1,8.8,13.1,1.32,0.101,0.039,0.027,0.441,0.679,1.51,436,86.6,-1.06
FTCB,10,-9.9,-9.9,-9.9,-9.9,-9.9,-9.9,-9.9,-9.9,-9.9,-9.9,-9.9,-9.9,-9.9
FTCB,25,73,5,22,1.4,0.165,0.084,0.045,0.436,0.504,1.38,234.2,38.9,-1.35
FTCB,45,74.2,2.5,23.3,1.59,0.175,0.093,0.047,0.387,0.406,1.36,120.6,20.6,-1.48
FTCB,60,77.4,3.8,18.9,1.73,0.159,0.076,0.036,0.343,0.36,1.35,70.1,17,-1.45
FTCB,75,79.3,6.9,13.8,1.93,0.139,0.059,0.027,0.286,0.337,1.33,29.3,16.5,-1.55
GOOD,5,36.6,34.6,28.8,1.37,0.253,0.13,0.054,0.424,0.2,1.34,23.1,8.6,-0.9
GOOD,10,-9.9,-9.9,-9.9,-9.9,-9.9,-9.9,-9.9,-9.9,-9.9,-9.9,-9.9,-9.9,-9.9
GOOD,25,28.2,34,37.8,1.51,0.292,0.168,0.064,0.41,0.149,1.3,11.1,4.5,-0.98
GOOD,45,31,33.2,35.8,1.6,0.254,0.154,0.063,0.379,0.236,1.28,12.1,7.3,-1.65
GOOD,60,34.8,29.4,35.8,1.42,0.214,0.144,0.087,0.419,0.453,1.39,40.6,16.8,-1.73
GOOD,75,-9.9,-9.9,-9.9,-9.9,-9.9,-9.9,-9.9,-9.9,-9.9,-9.9,-9.9,-9.9,-9.9
GRA2,5,15.7,55.3,29,1.28,0.296,0.191,0.088,0.462,0.307,1.3,27.5,10.4,-1.78
GRA2,10,-9.9,-9.9,-9.9,-9.9,-9.9,-9.9,-9.9,-9.9,-9.9,-9.9,-9.9,-9.9,-9.9
GRA2,25,13.6,43.2,43.2,1.71,-9.9,0.293,0.081,0.378,0.138,1.29,1.7,2.9,-1.28
GRA2,45,15.6,42.5,41.9,1.73,-9.9,0.286,0.079,0.371,0.14,1.29,1.6,3,-1.33
GRA2,60,16.9,41.9,41.2,1.8,-9.9,0.322,0.074,0.35,0.154,1.25,1.1,3.3,-1.74
GRA2,75,17.5,42.2,40.3,1.83,-9.9,0.307,0.072,0.341,0.16,1.24,1,3.4,-1.92
GUTH,5,47,28.4,24.6,1.65,0.243,0.109,0.04,0.354,0.113,1.36,10.1,4.2,-0.47
GUTH,10,-9.9,-9.9,-9.9,-9.9,-9.9,-9.9,-9.9,-9.9,-9.9,-9.9,-9.9,-9.9,-9.9
GUTH,25,19.7,44.6,35.7,1.67,0.304,0.164,0.056,0.378,0.081,1.32,3,2.3,-0.36
GUTH,45,-9.9,-9.9,-9.9,-9.9,-9.9,-9.9,-9.9,-9.9,-9.9,-9.9,-9.9,-9.9,-9.9
GUTH,60,-9.9,-9.9,-9.9,-9.9,-9.9,-9.9,-9.9,-9.9,-9.9,-9.9,-9.9,-9.9,-9.9
GUTH,75,-9.9,-9.9,-9.9,-9.9,-9.9,-9.9,-9.9,-9.9,-9.9,-9.9,-9.9,-9.9,-9.9
HASK,5,10.1,74.2,15.7,1.56,0.38,0.098,0.071,0.425,0.01,2.35,6.1,0.6,0.65
HASK,10,-9.9,-9.9,-9.9,-9.9,-9.9,-9.9,-9.9,-9.9,-9.9,-9.9,-9.9,-9.9,-9.9
HASK,25,10.5,73.8,15.8,1.41,0.293,0.083,0.04,0.396,0.036,1.7,28.9,1.5,0.73
HASK,45,8.8,73,18.3,1.33,0.268,0.082,0.035,0.403,0.063,1.54,31.6,2.8,0.49
HASK,60,6.6,61.8,31.6,1.44,0.3,0.147,0.061,0.423,0.092,1.39,11.1,2.9,-0.17
HASK,75,3.5,50.2,46.3,1.61,0.42,0.273,0.071,0.444,0.053,1.24,0.8,1.2,-0.18
HECT,5,52.5,33.6,13.9,1.51,0.238,0.067,0.028,0.362,0.072,1.49,18.3,3.2,0.24
HECT,10,-9.9,-9.9,-9.9,-9.9,-9.9,-9.9,-9.9,-9.9,-9.9,-9.9,-9.9,-9.9,-9.9
HECT,25,67,20.2,12.8,1.22,0.137,0.054,0.026,0.455,0.605,1.4,212.5,69.9,-1.21
HECT,45,76.8,11.3,11.9,-9.9,-9.9,-9.9,0.05,0.379,0.345,1.5,55.1,18.4,-1.08
HECT,60,63.3,13.9,22.8,1.52,0.15,0.08,0.046,0.389,0.488,1.42,133.2,29.4,-1.36
HECT,75,7.1,29.7,63.2,1.42,0.453,0.296,0.078,0.498,0.051,1.26,5.9,1.2,0.17
HINT,5,73,16.9,10,1.29,0.101,0.036,0.024,0.433,0.668,1.5,282,81.7,-1.06
HINT,10,-9.9,-9.9,-9.9,-9.9,-9.9,-9.9,-9.9,-9.9,-9.9,-9.9,-9.9,-9.9,-9.9
HINT,25,75.5,12.5,11.9,1.35,0.103,0.047,0.03,0.426,0.651,1.56,332.6,76.5,-1.03
HINT,45,71.1,17,11.9,1.36,0.103,0.048,0.031,0.417,0.635,1.58,248.3,70.9,-1.03
HINT,60,73,15,11.9,1.51,0.115,0.046,0.028,0.377,0.538,1.45,156.3,40.6,-1.21
HINT,75,75,15.6,9.4,1.67,0.134,0.048,0.024,0.335,0.387,1.38,56,22.2,-1.29
HOBA,5,11,63.5,25.4,1.31,0.292,0.137,0.055,0.436,0.106,1.4,24.6,4,-0.14
HOBA,10,-9.9,-9.9,-9.9,-9.9,-9.9,-9.9,-9.9,-9.9,-9.9,-9.9,-9.9,-9.9,-9.9
HOBA,25,5.4,60.3,34.3,1.46,0.38,0.259,0.085,0.457,0.172,1.2,6.6,3.9,-2.24
HOBA,45,7,49,43.9,1.49,0.362,0.24,0.08,0.448,0.152,1.22,5,3.6,-1.71
HOBA,60,8.4,48.4,43.2,1.65,0.358,0.261,0.075,0.407,0.225,1.16,1.4,4.7,-4.1
HOBA,75,8.5,48.3,43.2,1.63,0.331,0.259,0.095,0.401,0.416,1.17,2.5,7.4,-4.82
HOLD,5,27.2,49.2,23.6,1.5,0.328,0.131,0.055,0.402,0.032,1.61,7.3,1.1,0.59
HOLD,10,23.9,50.5,25.6,1.48,0.331,0.129,0.057,0.408,0.031,1.64,7.6,1,0.63
HOLD,25,24.9,50.2,24.9,1.53,0.317,0.133,0.054,0.396,0.04,1.54,6.7,1.3,0.46
HOLD,45,22.7,44.7,32.7,1.55,0.332,0.214,0.069,0.41,0.157,1.24,4.3,4.1,-1.61
HOLD,60,19.7,40,40.3,1.62,0.388,0.234,0.064,0.418,0.045,1.3,1.2,1.1,0.21
HOLD,75,17.2,39.8,43,1.59,0.401,0.239,0.067,0.432,0.038,1.33,1.4,0.9,0.44
HOLL,5,20.7,35.2,44.1,1.5,0.332,0.208,0.073,0.432,0.143,1.26,9.1,3.8,-1.21
HOLL,10,-9.9,-9.9,-9.9,-9.9,-9.9,-9.9,-9.9,-9.9,-9.9,-9.9,-9.9,-9.9,-9.9
HOLL,25,18.1,30.1,51.8,1.7,0.348,0.253,0.067,0.391,0.186,1.17,2.5,4.2,-3.46
HOLL,45,17,30.7,52.4,1.67,0.35,0.249,0.067,0.399,0.166,1.18,3.1,3.9,-2.88
HOLL,60,15.5,30.7,53.8,1.62,0.354,0.251,0.072,0.414,0.172,1.19,4.7,4.1,-2.71
HOLL,75,12.1,31.8,56,1.66,0.35,0.268,0.08,0.404,0.277,1.16,3.8,5.5,-4.58
HOOK,5,36.4,38.8,24.8,1.48,0.226,0.105,0.043,0.382,0.186,1.36,16.7,8,-0.83
HOOK,10,-9.9,-9.9,-9.9,-9.9,-9.9,-9.9,-9.9,-9.9,-9.9,-9.9,-9.9,-9.9,-9.9
HOOK,25,35.1,29.5,35.4,1.7,0.296,0.187,0.057,0.366,0.156,1.24,3.6,4.4,-1.65
HOOK,45,23.6,31.7,44.7,1.51,0.322,0.231,0.088,0.428,0.298,1.22,11.2,7.2,-2.82
HOOK,60,11,47.1,41.9,1.5,0.327,0.216,0.08,0.431,0.203,1.24,6.8,5.1,-1.97
HOOK,75,7.5,48.2,44.3,1.41,0.384,0.28,0.096,0.473,0.261,1.18,7.2,5.8,-3.46
HUGO,5,34.9,47,18.2,1.31,0.263,0.086,0.034,0.407,0.077,1.48,27.4,3.6,0.34
HUGO,10,-9.9,-9.9,-9.9,-9.9,-9.9,-9.9,-9.9,-9.9,-9.9,-9.9,-9.9,-9.9,-9.9
HUGO,25,26.6,37.7,35.7,1.59,0.38,0.179,0.066,0.416,0.02,1.59,1.7,0.6,0.77
HUGO,45,14.1,32.2,53.7,1.53,0.426,0.27,0.071,0.457,0.043,1.28,2.6,1,0.32
HUGO,60,14.4,29.6,56,1.59,-9.9,0.294,0.091,0.421,0.17,1.24,4.3,3.3,-1.82
HUGO,75,15.5,27.1,57.4,1.48,0.411,0.295,0.077,0.465,0.14,1.18,6.2,3.2,-2.43
IDAB,5,1.5,67.5,30.9,1.47,0.3,0.147,0.06,0.419,0.091,1.39,9.9,2.8,-0.18
IDAB,10,-9.9,-9.9,-9.9,-9.9,-9.9,-9.9,-9.9,-9.9,-9.9,-9.9,-9.9,-9.9,-9.9
IDAB,25,5,32.1,62.9,1.17,0.352,0.237,0.111,0.541,0.302,1.25,41.7,10.1,-2.31
IDAB,45,5,26.3,68.7,1.31,0.383,0.285,0.109,0.513,0.32,1.2,27.4,8.3,-3.48
IDAB,60,4.6,27.7,67.7,1.41,0.435,0.307,0.081,0.498,0.113,1.19,8.6,2.6,-1.72
IDAB,75,4.9,27.6,67.5,1.42,0.386,0.303,0.107,0.481,0.36,1.17,14.7,7.7,-4.57
INOL,5,33.4,48.2,18.4,1.42,0.317,0.128,0.051,0.406,0.043,1.55,15.3,1.5,0.52
INOL,10,-9.9,-9.9,-9.9,-9.9,-9.9,-9.9,-9.9,-9.9,-9.9,-9.9,-9.9,-9.9,-9.9
INOL,25,20.7,37.5,41.9,1.14,0.303,0.172,0.078,0.508,0.231,1.32,40.4,10.3,-1.16
INOL,45,5.4,16.6,78,1.28,0.485,0.305,0.083,0.545,0.04,1.31,12.6,1,0.64
INOL,60,5.6,21.7,72.8,1.45,0.476,0.297,0.077,0.498,0.025,1.34,4.1,0.6,1
INOL,75,18,28.6,53.4,1.52,0.374,0.262,0.076,0.444,0.159,1.2,7.3,3.8,-2.26
JAYX,5,7.4,74.5,18.1,1.56,0.342,0.092,0.058,0.406,0.015,2.05,8.8,0.7,0.77
JAYX,10,-9.9,-9.9,-9.9,-9.9,-9.9,-9.9,-9.9,-9.9,-9.9,-9.9,-9.9,-9.9,-9.9
JAYX,25,6.7,70.8,22.5,1.88,0.32,0.128,0.05,0.356,0.023,1.57,0.7,0.7,0.53
JAYX,45,4.9,68.2,26.9,1.61,0.337,0.128,0.061,0.405,0.024,1.7,4.4,0.8,0.66
JAYX,60,4,44.3,51.8,1.42,0.424,0.262,0.082,0.488,0.054,1.3,4.8,1.2,0.15
JAYX,75,7.2,42.3,50.4,1.52,-9.9,0.306,0.094,0.445,0.14,1.32,4.2,2.9,-1.06
KENT,5,14.8,36.2,48.9,1.42,0.272,0.177,0.09,0.441,0.312,1.29,24.5,9.2,-1.9
KENT,10,-9.9,-9.9,-9.9,-9.9,-9.9,-9.9,-9.9,-9.9,-9.9,-9.9,-9.9,-9.9,-9.9
KENT,25,15.9,39.9,44.3,1.42,0.257,0.159,0.081,0.43,0.295,1.31,20.5,9.5,-1.67
KENT,45,12.3,44.5,43.2,1.6,0.337,0.238,0.077,0.41,0.227,1.19,3.2,5.2,-3.05
KENT,60,1.6,68.6,29.8,1.6,0.271,0.253,0.222,0.37,0.58,1.64,7.3,1.9,-2.34
KENT,75,-9.9,-9.9,-9.9,-9.9,-9.9,-9.9,-9.9,-9.9,-9.9,-9.9,-9.9,-9.9,-9.9
KETC,5,44.2,33.3,22.6,1.45,0.278,0.111,0.043,0.397,0.072,1.45,14.1,2.7,0.2
KETC,10,-9.9,-9.9,-9.9,-9.9,-9.9,-9.9,-9.9,-9.9,-9.9,-9.9,-9.9,-9.9,-9.9
KETC,25,34.9,29.1,36,1.46,0.322,0.16,0.06,0.425,0.069,1.4,10.9,2.1,0.11
KETC,45,19.2,28.6,52.1,1.57,0.388,0.248,0.067,0.434,0.067,1.25,3.8,1.6,-0.32
KETC,60,20.5,27.4,52.1,1.66,0.38,0.249,0.061,0.411,0.069,1.23,2.2,1.7,-0.64
KETC,75,37.2,19.6,43.1,1.71,0.357,0.211,0.053,0.384,0.045,1.3,1.9,1.2,0.14
KIN2,5,54.7,26.4,18.9,1.57,0.171,0.061,0.028,0.353,0.246,1.37,38,12.9,-0.98
KIN2,10,-9.9,-9.9,-9.9,-9.9,-9.9,-9.9,-9.9,-9.9,-9.9,-9.9,-9.9,-9.9,-9.9
KIN2,25,52.7,21.4,25.8,1.59,0.191,0.078,0.036,0.363,0.215,1.36,40.7,10.1,-0.94
KIN2,45,30.3,27.5,42.2,1.55,0.269,0.154,0.063,0.399,0.176,1.3,19.1,5.5,-1.17
KIN2,60,2.9,58.8,38.3,1.65,0.272,0.188,0.078,0.378,0.351,1.22,3.8,8.3,-2.98
KIN2,75,0.5,65.9,33.6,1.59,0.276,0.16,0.063,0.39,0.19,1.27,5.4,5.7,-1.46
LAHO,5,21.3,59.8,18.9,1.37,0.254,0.094,0.037,0.394,0.095,1.44,25.1,4.2,0.04
LAHO,10,-9.9,-9.9,-9.9,-9.9,-9.9,-9.9,-9.9,-9.9,-9.9,-9.9,-9.9,-9.9,-9.9
LAHO,25,13.2,53.9,33,1.44,0.283,0.153,0.063,0.418,0.151,1.33,11.3,5,-0.82
LAHO,45,14.1,51.8,34.1,1.54,0.28,0.171,0.068,0.398,0.213,1.27,7.6,6.2,-1.62
LAHO,60,12.6,51.3,36.1,1.62,0.29,0.185,0.068,0.387,0.214,1.24,4.6,5.7,-2.01
LAHO,75,8,57.3,34.7,1.53,0.291,0.174,0.069,0.406,0.183,1.28,7.2,5.3,-1.41
LANE,5,37.8,51.5,10.7,1.3,0.24,0.047,0.022,0.381,0.066,1.53,41.6,3.4,0.51
LANE,10,-9.9,-9.9,-9.9,-9.9,-9.9,-9.9,-9.9,-9.9,-9.9,-9.9,-9.9,-9.9,-9.9
LANE,25,46.8,41.3,11.9,1.45,0.184,0.028,0.018,0.351,0.121,1.44,28.9,6.8,-0.13
LANE,45,45.6,41.2,13.1,1.46,0.204,0.043,0.021,0.356,0.101,1.46,24.9,5.3,0.01
LANE,60,48,41.4,10.7,1.51,0.189,0.032,0.018,0.339,0.107,1.45,25.1,5.7,-0.08
LANE,75,42.2,39,18.9,1.68,0.31,0.123,0.046,0.359,0.03,1.57,2.9,1,0.5
MADI,5,57.5,37.5,5,1.49,0.181,0.036,0.017,0.344,0.147,1.41,38.8,8.5,-0.36
MADI,10,-9.9,-9.9,-9.9,-9.9,-9.9,-9.9,-9.9,-9.9,-9.9,-9.9,-9.9,-9.9,-9.9
MADI,25,56.2,37.5,6.3,1.52,0.125,0.029,0.018,0.338,0.377,1.39,49,24.1,-1.16
MADI,45,47.3,32,20.7,1.59,0.234,0.121,0.045,0.363,0.195,1.32,13.7,7.6,-1.11
MADI,60,48.4,30.2,21.4,1.68,0.227,0.132,0.049,0.345,0.262,1.29,10.5,9.1,-1.68
MADI,75,33.5,45.2,21.3,1.68,0.231,0.131,0.048,0.341,0.241,1.29,8.3,8.3,-1.63
MANG,5,88.7,5,6.3,1.52,0.071,0.017,0.017,0.381,0.638,1.58,454.3,65.3,-1.02
MANG,10,-9.9,-9.9,-9.9,-9.9,-9.9,-9.9,-9.9,-9.9,-9.9,-9.9,-9.9,-9.9,-9.9
MANG,25,90.3,4.7,5,1.63,0.061,0.02,0.02,0.352,0.607,1.73,427.6,61.4,-0.96
MANG,45,90,3.3,6.7,1.58,0.058,0.02,0.02,0.366,0.615,1.79,594.2,67.6,-0.93
MANG,60,88.3,4.2,7.5,1.71,0.183,0.039,0.02,0.331,0.12,1.41,25.2,6.3,-0.27
MANG,75,86.6,6.3,7.1,1.61,0.065,0.03,0.03,0.355,0.591,1.82,423.7,60.2,-0.95
MARE,5,38.6,35.2,26.3,1.63,0.307,0.134,0.049,0.374,0.042,1.48,3.5,1.3,0.37
MARE,10,-9.9,-9.9,-9.9,-9.9,-9.9,-9.9,-9.9,-9.9,-9.9,-9.9,-9.9,-9.9,-9.9
MARE,25,42.3,32,25.7,1.51,0.292,0.134,0.049,0.395,0.074,1.41,9.2,2.5,0.05
MARE,45,35.8,26.8,37.4,1.49,0.284,0.182,0.074,0.418,0.252,1.27,18.5,7.6,-1.77
MARE,60,40.3,24.6,35.1,1.66,0.314,0.187,0.055,0.379,0.101,1.27,3.8,2.9,-0.78
MARE,75,38,31,31,1.73,0.287,0.164,0.049,0.353,0.11,1.28,2.8,3.3,-0.91
MAYR,5,44.2,34.3,21.6,1.58,0.248,0.086,0.035,0.359,0.07,1.47,10.8,2.7,0.12
MAYR,10,-9.9,-9.9,-9.9,-9.9,-9.9,-9.9,-9.9,-9.9,-9.9,-9.9,-9.9,-9.9,-9.9
MAYR,25,41.9,32.6,25.5,1.47,0.283,0.104,0.044,0.393,0.055,1.51,11.8,2,0.39
MAYR,45,23.8,39.4,36.8,1.37,0.305,0.155,0.063,0.441,0.105,1.37,15.3,3.4,-0.27
MAYR,60,14.3,41.6,44.2,1.56,0.358,0.241,0.073,0.425,0.145,1.21,3.3,3.5,-1.88
MAYR,75,17,41.5,41.5,1.57,0.339,0.222,0.071,0.415,0.149,1.23,3.9,3.8,-1.68
MCAL,5,66.2,25,8.8,1.32,0.112,0.028,0.019,0.41,0.56,1.41,143.1,52.3,-1.18
MCAL,10,-9.9,-9.9,-9.9,-9.9,-9.9,-9.9,-9.9,-9.9,-9.9,-9.9,-9.9,-9.9,-9.9
MCAL,25,29.5,27.3,43.2,1.51,0.34,0.223,0.072,0.429,0.159,1.24,8.7,4.2,-1.58
MCAL,45,18.7,32.6,48.7,1.58,0.387,0.263,0.068,0.429,0.1,1.2,2.4,2.4,-1.4
MCAL,60,53.6,10.8,35.6,1.7,0.308,0.193,0.052,0.373,0.125,1.24,5.7,3.7,-1.26
MCAL,75,58.3,10.1,31.6,1.7,0.28,0.173,0.052,0.365,0.168,1.25,8.6,5.3,-1.53
MEDF,5,15.9,66.4,17.7,1.25,0.311,0.099,0.044,0.43,0.041,1.64,44.6,1.7,0.8
MEDF,10,-9.9,-9.9,-9.9,-9.9,-9.9,-9.9,-9.9,-9.9,-9.9,-9.9,-9.9,-9.9,-9.9
MEDF,25,13,60.8,26.2,1.46,0.315,0.16,0.061,0.418,0.082,1.38,12.7,2.4,-0.12
MEDF,45,5.6,49.2,45.2,1.49,0.459,0.329,0.079,0.482,0.102,1.17,1.4,2.1,-2.27
MEDF,60,4.5,45.1,50.4,1.55,0.424,0.353,0.104,0.451,0.464,1.12,1,6.6,-9.33
MEDF,75,6.4,45.5,48.1,1.68,-9.9,0.329,0.086,0.396,0.137,1.29,1.7,2.7,-1.27
MEDI,5,63.6,18.9,17.6,1.7,0.234,0.094,0.033,0.34,0.101,1.38,9,4,-0.32
MEDI,10,-9.9,-9.9,-9.9,-9.9,-9.9,-9.9,-9.9,-9.9,-9.9,-9.9,-9.9,-9.9,-9.9
MEDI,25,76.2,5.6,18.1,1.57,0.185,0.092,0.041,0.385,0.349,1.34,77.1,18,-1.38
MEDI,45,74.9,5.7,19.5,1.5,0.292,0.106,0.04,0.4,0.054,1.49,20.6,2.1,0.5
MEDI,60,58.3,5.7,36.1,1.72,0.368,0.215,0.049,0.379,0.035,1.32,1.7,1,0.42
MEDI,75,-9.9,-9.9,-9.9,-9.9,-9.9,-9.9,-9.9,-9.9,-9.9,-9.9,-9.9,-9.9,-9.9
MIAM,5,15.6,60.5,23.9,1.2,0.282,0.055,0.032,0.423,0.043,1.66,25.2,2.1,0.91
MIAM,10,-9.9,-9.9,-9.9,-9.9,-9.9,-9.9,-9.9,-9.9,-9.9,-9.9,-9.9,-9.9,-9.9
MIAM,25,23.4,62.2,14.4,1.43,0.257,0.055,0.028,0.366,0.043,1.65,24.1,1.9,0.61
MIAM,45,18.9,54.5,26.6,1.39,0.401,0.111,0.078,0.449,0.011,2.24,8.3,0.6,0.68
MIAM,60,9.5,28,62.5,1.38,0.476,0.292,0.081,0.51,0.028,1.36,5.5,0.7,0.92
MIAM,75,3.8,41,55.3,1.51,0.457,0.282,0.078,0.479,0.027,1.34,1.5,0.6,0.82
MINC,5,18.7,61.1,20.2,1.5,0.277,0.112,0.044,0.384,0.069,1.46,15.8,2.5,0.15
MINC,10,-9.9,-9.9,-9.9,-9.9,-9.9,-9.9,-9.9,-9.9,-9.9,-9.9,-9.9,-9.9,-9.9
MINC,25,14.1,68.2,17.7,1.59,0.288,0.112,0.044,0.373,0.05,1.51,12.7,1.7,0.33
MINC,45,11.7,73.1,15.1,1.89,0.28,0.137,0.04,0.329,0.084,1.3,1.8,2.7,-0.54
MINC,60,12.6,74.2,13.2,1.93,0.28,0.137,0.039,0.322,0.082,1.29,1.3,2.7,-0.58
MINC,75,-9.9,-9.9,-9.9,-9.9,-9.9,-9.9,-9.9,-9.9,-9.9,-9.9,-9.9,-9.9,-9.9
MRSH,5,19.9,63,17,1.32,0.339,0.116,0.054,0.43,0.029,1.74,33.4,1.1,0.82
MRSH,10,-9.9,-9.9,-9.9,-9.9,-9.9,-9.9,-9.9,-9.9,-9.9,-9.9,-9.9,-9.9,-9.9
MRSH,25,8.3,52.9,38.8,1.38,0.389,0.231,0.082,0.477,0.075,1.32,9,1.8,-0.17
MRSH,45,6.7,47.3,46,1.57,0.419,0.302,0.074,0.447,0.131,1.16,1,2.8,-3.06
MRSH,60,11.4,47.8,40.8,1.64,0.37,0.266,0.072,0.411,0.186,1.16,1.3,4.1,-3.64
MRSH,75,13,47.6,39.4,1.67,0.365,0.28,0.078,0.401,0.299,1.14,1,5.5,-5.85
MTHE,5,46.6,44,9.4,1.44,0.21,0.065,0.024,0.364,0.137,1.41,34.2,7.3,-0.3
MTHE,10,-9.9,-9.9,-9.9,-9.9,-9.9,-9.9,-9.9,-9.9,-9.9,-9.9,-9.9,-9.9,-9.9
MTHE,25,44.2,46.4,9.4,1.68,0.183,0.034,0.019,0.305,0.102,1.45,15.8,5.3,-0.2
MTHE,45,37.8,40.2,22,1.64,0.232,0.11,0.041,0.348,0.152,1.34,9.3,5.8,-0.83
MTHE,60,36.3,37.2,26.5,1.65,0.266,0.143,0.049,0.36,0.135,1.31,5.6,4.4,-0.9
MTHE,75,36.9,34.7,28.4,1.66,0.27,0.147,0.05,0.361,0.131,1.3,5.3,4.2,-0.89
NEWK,5,13.6,56.6,29.9,1.47,0.31,0.164,0.063,0.419,0.099,1.35,10.2,2.9,-0.36
NEWK,10,-9.9,-9.9,-9.9,-9.9,-9.9,-9.9,-9.9,-9.9,-9.9,-9.9,-9.9,-9.9,-9.9
NEWK,25,14.9,47.4,37.7,1.34,0.328,0.162,0.068,0.454,0.076,1.41,13.5,2.3,0.07
NEWK,45,8.5,47,44.4,1.45,0.349,0.202,0.075,0.45,0.091,1.32,7.6,2.3,-0.39
NEWK,60,5.1,55.1,39.7,1.41,0.33,0.166,0.07,0.446,0.071,1.41,8.9,2,0.06
NEWK,75,8.7,54.2,37,1.53,0.327,0.162,0.064,0.418,0.057,1.42,5.1,1.6,0.18
NEWP,5,53.6,41.4,5,1.43,0.278,0.048,0.027,0.363,0.03,1.75,26.4,1.4,0.79
NEWP,10,-9.9,-9.9,-9.9,-9.9,-9.9,-9.9,-9.9,-9.9,-9.9,-9.9,-9.9,-9.9,-9.9
NEWP,25,69.3,21.3,9.4,1.54,0.106,0.043,0.027,0.36,0.552,1.49,110.8,41.4,-1.18
NEWP,45,-9.9,-9.9,-9.9,-9.9,-9.9,-9.9,-9.9,-9.9,-9.9,-9.9,-9.9,-9.9,-9.9
NEWP,60,-9.9,-9.9,-9.9,-9.9,-9.9,-9.9,-9.9,-9.9,-9.9,-9.9,-9.9,-9.9,-9.9
NEWP,75,-9.9,-9.9,-9.9,-9.9,-9.9,-9.9,-9.9,-9.9,-9.9,-9.9,-9.9,-9.9,-9.9
NINN,5,43.8,36.6,19.6,1.32,0.267,0.106,0.04,0.418,0.103,1.42,26.1,4.7,0.03
NINN,10,-9.9,-9.9,-9.9,-9.9,-9.9,-9.9,-9.9,-9.9,-9.9,-9.9,-9.9,-9.9,-9.9
NINN,25,43.9,34,22.1,1.45,0.217,0.104,0.043,0.39,0.234,1.35,25.2,11,-1.02
NINN,45,33.6,36.7,29.7,1.37,0.238,0.128,0.057,0.421,0.257,1.34,23.9,11.3,-1.18
NINN,60,29.1,33.6,37.4,1.38,0.277,0.163,0.071,0.439,0.228,1.31,23.1,8,-1.32
NINN,75,33.4,31.1,35.6,1.64,0.3,0.192,0.061,0.381,0.174,1.24,4.6,4.8,-1.74
NOWA,5,22,59.2,18.9,1.33,0.361,0.12,0.062,0.436,0.021,1.86,23.6,0.9,0.84
NOWA,10,-9.9,-9.9,-9.9,-9.9,-9.9,-9.9,-9.9,-9.9,-9.9,-9.9,-9.9,-9.9,-9.9
NOWA,25,18.1,59.9,22.1,1.52,0.339,0.106,0.057,0.402,0.019,1.88,7.6,0.8,0.75
NOWA,45,20.1,55.4,24.5,1.37,0.288,0.101,0.045,0.409,0.053,1.55,16.6,2.1,0.49
NOWA,60,15.2,45.9,39,1.45,0.363,0.195,0.072,0.448,0.056,1.39,6.4,1.4,0.22
NOWA,75,10,38.3,51.7,1.33,0.365,0.229,0.086,0.49,0.141,1.27,18.2,3.7,-1.08
NRMN,5,8.3,49,42.7,1.41,0.357,0.179,0.074,0.457,0.051,1.45,8.3,1.3,0.34
NRMN,10,-9.9,-9.9,-9.9,-9.9,-9.9,-9.9,-9.9,-9.9,-9.9,-9.9,-9.9,-9.9,-9.9
NRMN,25,17.7,48.4,33.9,1.27,0.25,0.138,0.065,0.45,0.274,1.34,20,12.6,-1.2
NRMN,45,12.4,38.4,49.2,1.21,0.363,0.214,0.087,0.514,0.136,1.31,29.5,4,-0.76
NRMN,60,12.5,41.5,46,1.71,-9.9,0.28,0.083,0.381,0.145,1.27,1.7,2.9,-1.44
NRMN,75,17,39.6,43.4,1.66,0.378,0.266,0.066,0.407,0.13,1.17,1,3,-2.63
OILT,5,45.8,40.3,13.9,1.73,0.285,0.1,0.038,0.337,0.033,1.58,3.5,1.1,0.43
OILT,10,-9.9,-9.9,-9.9,-9.9,-9.9,-9.9,-9.9,-9.9,-9.9,-9.9,-9.9,-9.9,-9.9
OILT,25,52.1,34,13.9,1.61,0.216,0.084,0.031,0.344,0.139,1.37,15.6,6.3,-0.55
OILT,45,43.1,39.8,17.1,1.53,0.221,0.095,0.036,0.362,0.165,1.36,17.6,7.4,-0.7
OILT,60,48.3,35.3,16.4,1.5,0.203,0.092,0.036,0.371,0.242,1.35,27.1,11.8,-1.03
OILT,75,41.9,35.4,22.7,1.61,0.266,0.112,0.042,0.362,0.074,1.42,7.3,2.6,-0.01
OKCE,5,37.3,37,25.7,1.46,0.218,0.087,0.037,0.383,0.161,1.38,19.7,7.5,-0.56
OKCE,10,-9.9,-9.9,-9.9,-9.9,-9.9,-9.9,-9.9,-9.9,-9.9,-9.9,-9.9,-9.9,-9.9
OKCE,25,76.2,8.8,15,1.39,0.124,0.044,0.027,0.422,0.554,1.41,276.8,51,-1.21
OKCE,45,81.8,6.3,11.9,1.77,0.156,0.049,0.023,0.321,0.234,1.35,36.3,12.1,-1.02
OKCE,60,73.1,14.4,12.5,1.85,0.168,0.058,0.024,0.299,0.195,1.34,14,9.5,-1
OKCE,75,83.7,7.5,8.8,1.56,0.105,0.036,0.024,0.372,0.546,1.45,212.3,42,-1.2
OKCN,5,15.7,52.5,31.9,1.25,0.381,0.17,0.077,0.482,0.036,1.59,21.2,1.1,0.65
OKCN,10,18.6,50.2,31.3,1.36,0.339,0.177,0.069,0.451,0.079,1.39,14.4,2.3,-0.01
OKCN,25,7.5,43.5,48.9,1.47,0.374,0.252,0.081,0.457,0.148,1.22,5.7,3.5,-1.77
OKCN,45,3.8,44.2,52,1.56,0.351,0.238,0.077,0.431,0.164,1.21,4.3,3.9,-2.11
OKCN,60,10,38.8,51.2,1.56,0.388,0.267,0.073,0.44,0.118,1.2,2.8,2.7,-1.8
OKCN,75,-9.9,-9.9,-9.9,-9.9,-9.9,-9.9,-9.9,-9.9,-9.9,-9.9,-9.9,-9.9,-9.9
OKCW,5,26.3,42.9,30.7,1.43,0.362,0.204,0.07,0.443,0.071,1.35,7.6,1.9,-0.03
OKCW,10,-9.9,-9.9,-9.9,-9.9,-9.9,-9.9,-9.9,-9.9,-9.9,-9.9,-9.9,-9.9,-9.9
OKCW,25,27,48,25,1.58,0.324,0.147,0.055,0.39,0.041,1.49,4.4,1.2,0.41
OKCW,45,20.3,56.1,23.6,1.69,0.287,0.153,0.05,0.362,0.104,1.3,4.6,3.2,-0.67
OKCW,60,21.6,59.2,19.1,1.61,0.295,0.129,0.048,0.372,0.056,1.45,8.8,1.8,0.19
OKCW,75,16.5,62.4,21,1.73,0.334,0.152,0.054,0.375,0.03,1.5,2,0.9,0.49
OKEM,5,27.3,49.3,23.4,1.53,0.253,0.102,0.041,0.37,0.09,1.42,10.5,3.4,-0.11
OKEM,10,-9.9,-9.9,-9.9,-9.9,-9.9,-9.9,-9.9,-9.9,-9.9,-9.9,-9.9,-9.9,-9.9
OKEM,25,13,39.7,47.3,1.63,0.344,0.223,0.066,0.407,0.117,1.23,3,2.9,-1.38
OKEM,45,5.3,40,54.7,1.68,-9.9,0.281,0.088,0.399,0.153,1.25,1.9,2.9,-1.7
OKEM,60,10,39.8,50.1,1.76,-9.9,0.268,0.083,0.372,0.158,1.24,1.4,3.1,-1.92
OKEM,75,10.4,40.3,49.3,1.81,-9.9,0.269,0.08,0.358,0.163,1.23,1.1,3.2,-2.14
OKMU,5,15.9,66.5,17.6,1.36,0.298,0.102,0.044,0.409,0.046,1.6,31.4,1.8,0.61
OKMU,10,-9.9,-9.9,-9.9,-9.9,-9.9,-9.9,-9.9,-9.9,-9.9,-9.9,-9.9,-9.9,-9.9
OKMU,25,9.9,59.2,30.9,1.42,0.35,0.18,0.071,0.446,0.059,1.42,11,1.6,0.19
OKMU,45,5.3,54.3,40.4,1.61,0.367,0.245,0.071,0.421,0.127,1.2,1.7,3,-1.86
OKMU,60,5,53.4,41.6,1.7,0.377,0.269,0.068,0.405,0.16,1.15,0.6,3.5,-3.76
OKMU,75,3.6,60.1,36.3,1.75,-9.9,0.292,0.077,0.374,0.105,1.36,1.2,2.3,-0.75
PAUL,5,23.3,60.4,16.3,1.27,0.216,0.073,0.028,0.401,0.169,1.39,33.4,10,-0.39
PAUL,10,-9.9,-9.9,-9.9,-9.9,-9.9,-9.9,-9.9,-9.9,-9.9,-9.9,-9.9,-9.9,-9.9
PAUL,25,19.5,58.9,21.6,1.27,0.212,0.09,0.036,0.413,0.244,1.37,23.3,14.4,-0.82
PAUL,45,20,57.7,22.2,1.39,0.234,0.095,0.038,0.392,0.146,1.39,18.9,6.9,-0.42
PAUL,60,19.2,57.5,23.3,1.45,0.254,0.102,0.041,0.386,0.099,1.42,14.8,4,-0.11
PAUL,75,18.3,53.2,28.5,1.63,0.32,0.151,0.056,0.387,0.046,1.44,3.5,1.3,0.3
PAWN,5,11.2,50.5,38.2,1.2,0.389,0.232,0.09,0.516,0.11,1.32,27.3,2.9,-0.53
PAWN,10,-9.9,-9.9,-9.9,-9.9,-9.9,-9.9,-9.9,-9.9,-9.9,-9.9,-9.9,-9.9,-9.9
PAWN,25,10.2,43.6,46.2,1.31,0.426,0.273,0.087,0.508,0.087,1.27,10.5,2,-0.49
PAWN,45,8.2,44.6,47.2,1.39,0.439,0.282,0.083,0.496,0.063,1.27,5.2,1.4,-0.1
PAWN,60,9.7,36.7,53.7,1.47,0.415,0.274,0.076,0.471,0.079,1.24,4.5,1.8,-0.61
PAWN,75,-9.9,-9.9,-9.9,-9.9,-9.9,-9.9,-9.9,-9.9,-9.9,-9.9,-9.9,-9.9,-9.9
PERK,5,43.3,40.9,15.8,1.17,0.172,0.048,0.021,0.432,0.328,1.35,47.7,27.3,-0.9
PERK,10,-9.9,-9.9,-9.9,-9.9,-9.9,-9.9,-9.9,-9.9,-9.9,-9.9,-9.9,-9.9,-9.9
PERK,25,39.2,37.4,23.4,1.58,0.211,0.085,0.035,0.354,0.155,1.37,15.1,6.8,-0.66
PERK,45,32.7,37.5,29.9,1.54,0.231,0.123,0.053,0.38,0.223,1.33,14.8,8.4,-1.22
PERK,60,34.9,37,28.1,1.58,0.254,0.148,0.057,0.376,0.218,1.29,9.8,7.2,-1.44
PERK,75,38.6,30.7,30.7,1.69,0.313,0.158,0.05,0.368,0.052,1.38,2.3,1.5,0.14
PORT,5,53.1,34.1,12.8,1.64,0.199,0.067,0.026,0.331,0.141,1.38,15.9,6.7,-0.53
PORT,10,-9.9,-9.9,-9.9,-9.9,-9.9,-9.9,-9.9,-9.9,-9.9,-9.9,-9.9,-9.9,-9.9
PORT,25,47.6,36.3,16.1,1.61,0.212,0.086,0.032,0.345,0.156,1.36,15.7,7,-0.69
PORT,45,45.5,36.2,18.3,1.61,0.224,0.103,0.038,0.35,0.166,1.34,13.1,6.8,-0.84
PORT,60,45.2,34.3,20.5,1.58,0.228,0.115,0.043,0.363,0.201,1.33,15.1,8,-1.08
PORT,75,51.2,31.9,16.9,1.55,0.211,0.098,0.037,0.363,0.218,1.34,22.1,9.9,-1.02
PRYO,5,14.9,66.2,18.9,1.23,0.324,0.081,0.044,0.433,0.028,1.8,40.7,1.3,0.99
PRYO,10,-9.9,-9.9,-9.9,-9.9,-9.9,-9.9,-9.9,-9.9,-9.9,-9.9,-9.9,-9.9,-9.9
PRYO,25,15.8,55.1,29.1,1.4,0.294,0.119,0.052,0.416,0.062,1.49,12.6,2.2,0.31
PRYO,45,2.3,31.9,65.8,1.4,0.496,0.305,0.084,0.517,0.021,1.38,3.2,0.6,1.08
PRYO,60,2.5,33.8,63.7,1.5,0.46,0.308,0.075,0.483,0.046,1.24,2.1,1,0.13
PRYO,75,5.3,36.3,58.4,1.53,0.427,0.293,0.073,0.462,0.076,1.2,2.4,1.7,-0.95
PUTN,5,31.6,44.3,24.1,1.4,0.227,0.085,0.035,0.392,0.139,1.4,18.2,6.7,-0.33
PUTN,10,-9.9,-9.9,-9.9,-9.9,-9.9,-9.9,-9.9,-9.9,-9.9,-9.9,-9.9,-9.9,-9.9
PUTN,25,24,48.2,27.9,1.6,0.261,0.114,0.045,0.366,0.087,1.4,6.8,3,-0.19
PUTN,45,22.9,48,29.1,1.34,0.263,0.108,0.046,0.42,0.108,1.42,16.9,4.5,-0.08
PUTN,60,21,49.1,30,1.32,0.255,0.149,0.068,0.436,0.286,1.33,19.6,11.7,-1.38
PUTN,75,21.8,45.5,32.7,1.43,0.294,0.156,0.062,0.422,0.125,1.34,11.5,4,-0.57
REDR,5,28.7,42.3,29,1.5,0.291,0.123,0.05,0.395,0.061,1.47,8.1,2,0.23
REDR,10,-9.9,-9.9,-9.9,-9.9,-9.9,-9.9,-9.9,-9.9,-9.9,-9.9,-9.9,-9.9,-9.9
REDR,25,15.2,38.2,46.6,1.42,0.369,0.22,0.076,0.463,0.087,1.3,9.5,2.2,-0.34
REDR,45,11.6,35.1,53.3,1.57,0.394,0.272,0.071,0.439,0.107,1.19,2.8,2.5,-1.67
REDR,60,14.6,33.7,51.8,1.69,0.366,0.271,0.069,0.4,0.19,1.15,1.6,4.1,-4.06
REDR,75,13.7,34.8,51.5,1.7,0.389,0.26,0.061,0.406,0.068,1.21,0.9,1.6,-0.88
RETR,5,29,38.1,32.9,1.4,0.231,0.134,0.065,0.417,0.313,1.34,22.7,12.8,-1.45
RETR,10,-9.9,-9.9,-9.9,-9.9,-9.9,-9.9,-9.9,-9.9,-9.9,-9.9,-9.9,-9.9,-9.9
RETR,25,20,41.9,38.1,1.46,0.278,0.178,0.079,0.42,0.273,1.28,13.1,8,-1.83
RETR,45,21.5,34.2,44.3,1.47,0.28,0.186,0.085,0.426,0.299,1.27,19.6,8.3,-2.03
RETR,60,5.2,32.6,62.1,1.46,0.345,0.251,0.098,0.46,0.288,1.21,16.5,6.6,-3.02
RETR,75,5.8,37.3,56.9,1.37,0.367,0.298,0.138,0.483,0.524,1.2,16,9.6,-4.22
RING,5,62.4,27,10.6,1.46,0.137,0.048,0.024,0.373,0.429,1.39,73.9,29,-1.21
RING,10,-9.9,-9.9,-9.9,-9.9,-9.9,-9.9,-9.9,-9.9,-9.9,-9.9,-9.9,-9.9,-9.9
RING,25,35.3,25.4,39.3,1.5,0.301,0.191,0.071,0.419,0.203,1.26,15.4,6,-1.6
RING,45,30.1,26.7,43.2,1.61,0.31,0.214,0.071,0.397,0.229,1.22,7.9,5.9,-2.45
RING,60,29.1,29.1,41.8,1.69,0.309,0.222,0.07,0.378,0.256,1.19,4.1,6,-3.17
RING,75,27.7,31.7,40.6,1.75,0.314,0.22,0.061,0.364,0.198,1.19,1.9,4.8,-3.05
SALL,5,22.9,61.4,15.7,1.44,0.35,0.061,0.051,0.402,0.013,2.25,13.8,0.7,0.83
SALL,10,-9.9,-9.9,-9.9,-9.9,-9.9,-9.9,-9.9,-9.9,-9.9,-9.9,-9.9,-9.9,-9.9
SALL,25,21.1,60.1,18.8,1.52,0.265,0.063,0.033,0.362,0.037,1.67,13.1,1.5,0.59
SALL,45,19.1,58.4,22.6,1.61,0.281,0.088,0.042,0.364,0.035,1.63,7,1.3,0.51
SALL,60,16.1,51.7,32.2,1.65,0.363,0.159,0.064,0.404,0.019,1.64,1.6,0.6,0.71
SALL,75,16.2,52.3,31.5,1.71,0.363,0.151,0.063,0.394,0.015,1.72,1,0.5,0.72
SEIL,5,39.2,38,22.8,1.31,0.226,0.087,0.035,0.417,0.173,1.38,28,9.6,-0.46
SEIL,10,-9.9,-9.9,-9.9,-9.9,-9.9,-9.9,-9.9,-9.9,-9.9,-9.9,-9.9,-9.9,-9.9
SEIL,25,35.6,34.4,30,1.48,0.25,0.122,0.05,0.396,0.155,1.35,16.2,6,-0.71
SEIL,45,44.1,29.2,26.7,1.34,0.185,0.09,0.045,0.422,0.375,1.38,52,23.8,-1.21
SEIL,60,46.7,26.7,26.7,1.44,0.164,0.084,0.046,0.398,0.429,1.41,65.4,25.4,-1.3
SEIL,75,52.3,28.6,19.1,1.51,0.176,0.083,0.038,0.372,0.341,1.37,42.3,17.8,-1.27
SHAW,5,23.2,57.9,18.9,1.6,0.299,0.1,0.045,0.369,0.03,1.66,7.6,1.1,0.56
SHAW,10,-9.9,-9.9,-9.9,-9.9,-9.9,-9.9,-9.9,-9.9,-9.9,-9.9,-9.9,-9.9,-9.9
SHAW,25,17.6,54.5,27.9,1.32,0.227,0.097,0.042,0.414,0.191,1.38,16.5,9.8,-0.64
SHAW,45,9.4,43.7,46.9,1.59,0.39,0.249,0.069,0.434,0.068,1.25,1.7,1.6,-0.42
SHAW,60,10.7,43.1,46.3,1.72,0.361,0.263,0.067,0.393,0.186,1.15,0.9,4,-4.11
SHAW,75,9.1,44.8,46.1,1.76,0.382,0.254,0.06,0.395,0.072,1.2,0.4,1.7,-1.15
SKIA,5,64.2,24.5,11.3,1.19,0.198,0.042,0.019,0.438,0.211,1.35,124.7,16.5,-0.45
SKIA,10,-9.9,-9.9,-9.9,-9.9,-9.9,-9.9,-9.9,-9.9,-9.9,-9.9,-9.9,-9.9,-9.9
SKIA,25,64.3,23.8,11.9,1.49,0.128,0.032,0.02,0.367,0.393,1.38,82.7,26.5,-1.15
SKIA,45,46.6,19.1,34.3,1.43,0.249,0.145,0.065,0.426,0.275,1.31,46.6,10.9,-1.43
SKIA,60,42.7,15.9,41.4,1.63,0.355,0.212,0.056,0.399,0.059,1.29,3.7,1.6,-0.06
SKIA,75,51.4,17.9,30.7,1.7,0.303,0.147,0.046,0.364,0.052,1.39,3.9,1.6,0.18
SLAP,5,88.1,0,11.9,1.68,0.079,0.043,0.038,0.351,0.582,1.74,505.7,49.2,-1.06
SLAP,10,-9.9,-9.9,-9.9,-9.9,-9.9,-9.9,-9.9,-9.9,-9.9,-9.9,-9.9,-9.9,-9.9
SLAP,25,73,7.5,19.5,1.64,0.174,0.089,0.041,0.363,0.365,1.35,65.8,17.3,-1.46
SLAP,45,74.9,3.8,21.3,1.6,0.131,0.073,0.047,0.379,0.538,1.48,235.5,33.2,-1.35
SLAP,60,78.1,4.4,17.5,1.75,0.137,0.06,0.033,0.333,0.401,1.37,93.4,20.5,-1.42
SLAP,75,46.6,28.9,24.5,1.63,0.284,0.073,0.039,0.356,0.026,1.72,5.6,1,0.62
SPEN,5,74.2,9.4,16.4,1.43,0.167,0.058,0.028,0.409,0.338,1.35,133.3,23.3,-1.09
SPEN,10,-9.9,-9.9,-9.9,-9.9,-9.9,-9.9,-9.9,-9.9,-9.9,-9.9,-9.9,-9.9,-9.9
SPEN,25,39.8,19.2,41,1.76,0.336,0.207,0.05,0.365,0.067,1.25,1.8,1.8,-0.52
SPEN,45,38.6,18.6,42.8,1.74,0.332,0.203,0.052,0.371,0.072,1.26,2.8,2,-0.53
SPEN,60,56.6,7.7,35.7,1.75,0.291,0.178,0.048,0.357,0.123,1.25,6.3,3.8,-1.22
SPEN,75,-9.9,-9.9,-9.9,-9.9,-9.9,-9.9,-9.9,-9.9,-9.9,-9.9,-9.9,-9.9,-9.9
STIG,5,21.9,65.5,12.6,1.83,0.285,0.059,0.037,0.327,0.017,1.91,2.7,0.7,0.53
STIG,10,-9.9,-9.9,-9.9,-9.9,-9.9,-9.9,-9.9,-9.9,-9.9,-9.9,-9.9,-9.9,-9.9
STIG,25,19.6,66.6,13.8,1.64,0.319,0.048,0.044,0.365,0.012,2.24,6.5,0.7,0.71
STIG,45,18,63.7,18.3,1.84,0.263,0.083,0.035,0.322,0.037,1.55,2.8,1.3,0.31
STIG,60,15.3,54.8,29.9,1.86,-9.9,0.172,0.061,0.324,0.125,1.31,1.1,3.1,-1.14
STIG,75,11.1,50.5,38.4,1.83,-9.9,0.232,0.072,0.346,0.135,1.28,0.9,3,-1.37
STIL,5,15.7,49.6,34.8,1.3,0.331,0.217,0.091,0.474,0.25,1.27,20.4,7.2,-1.86
STIL,10,-9.9,-9.9,-9.9,-9.9,-9.9,-9.9,-9.9,-9.9,-9.9,-9.9,-9.9,-9.9,-9.9
STIL,25,24.9,47.1,28,1.6,0.31,0.16,0.055,0.387,0.072,1.36,4.3,2.1,-0.12
STIL,45,27.6,44.5,27.9,1.48,0.271,0.127,0.05,0.396,0.107,1.38,11,3.8,-0.31
STIL,60,29.4,42,28.6,1.58,0.284,0.142,0.052,0.381,0.093,1.36,6.1,3,-0.33
STIL,75,25.2,29.7,45.1,1.7,0.381,0.257,0.058,0.396,0.077,1.2,0.8,1.9,-1.2
STUA,5,82.6,14.4,2.9,1.54,0.135,0.023,0.016,0.357,0.311,1.37,73.1,20.3,-1.01
STUA,10,85.6,11.9,2.5,1.28,0.1,0.014,0.014,0.436,0.657,1.39,382.4,75.7,-1.24
STUA,25,75.4,19.2,5.4,1.53,0.089,0.02,0.019,0.358,0.56,1.47,137,44.9,-1.15
STUA,45,-9.9,-9.9,-9.9,-9.9,-9.9,-9.9,-9.9,-9.9,-9.9,-9.9,-9.9,-9.9,-9.9
STUA,60,74.4,9.2,16.4,1.84,0.222,0.099,0.031,0.316,0.123,1.33,6.6,5,-0.72
STUA,75,-9.9,-9.9,-9.9,-9.9,-9.9,-9.9,-9.9,-9.9,-9.9,-9.9,-9.9,-9.9,-9.9
SULP,5,43.3,22.8,33.9,0.98,0.222,0.133,0.068,0.55,0.614,1.37,128.8,88.4,-1.66
SULP,10,-9.9,-9.9,-9.9,-9.9,-9.9,-9.9,-9.9,-9.9,-9.9,-9.9,-9.9,-9.9,-9.9
SULP,25,38.9,19.1,42,1.24,0.28,0.175,0.085,0.492,0.344,1.3,76.1,15.7,-1.75
SULP,45,35.5,17.2,47.3,1.35,0.307,0.201,0.086,0.471,0.281,1.27,50,9.3,-1.92
SULP,60,50.7,19,30.3,1.42,0.193,0.119,0.068,0.42,0.457,1.4,91.1,23.2,-1.52
SULP,75,48.2,26.5,25.3,1.4,0.146,0.08,0.048,0.405,0.512,1.47,80.8,35.9,-1.25
TAHL,5,25.8,61.6,12.6,1.01,0.204,0.049,0.019,0.448,0.231,1.36,64.5,19.4,-0.46
TAHL,10,-9.9,-9.9,-9.9,-9.9,-9.9,-9.9,-9.9,-9.9,-9.9,-9.9,-9.9,-9.9,-9.9
TAHL,25,21.4,60.4,18.2,1.3,0.263,0.074,0.032,0.401,0.063,1.54,29.9,2.9,0.52
TAHL,45,-9.9,-9.9,-9.9,-9.9,-9.9,-9.9,-9.9,-9.9,-9.9,-9.9,-9.9,-9.9,-9.9
TAHL,60,-9.9,-9.9,-9.9,-9.9,-9.9,-9.9,-9.9,-9.9,-9.9,-9.9,-9.9,-9.9,-9.9
TAHL,75,-9.9,-9.9,-9.9,-9.9,-9.9,-9.9,-9.9,-9.9,-9.9,-9.9,-9.9,-9.9,-9.9
TALA,5,30.1,54.6,15.2,1.3,0.348,0.113,0.054,0.429,0.024,1.79,32.1,1,0.88
TALA,10,30.4,52.4,17.2,1.4,0.27,0.114,0.042,0.396,0.094,1.42,24.7,3.8,-0.04
TALA,25,30,45.7,24.3,1.35,0.301,0.142,0.055,0.428,0.09,1.41,18.7,3.2,-0.02
TALA,45,-9.9,-9.9,-9.9,-9.9,-9.9,-9.9,-9.9,-9.9,-9.9,-9.9,-9.9,-9.9,-9.9
TALA,60,16,35.6,48.4,1.3,0.37,0.239,0.088,0.495,0.165,1.25,20.1,4.4,-1.41
TALA,75,-9.9,-9.9,-9.9,-9.9,-9.9,-9.9,-9.9,-9.9,-9.9,-9.9,-9.9,-9.9,-9.9
TALI,5,45.4,35.8,18.8,1.36,0.243,0.073,0.031,0.396,0.089,1.46,25.3,4.3,0.21
TALI,10,-9.9,-9.9,-9.9,-9.9,-9.9,-9.9,-9.9,-9.9,-9.9,-9.9,-9.9,-9.9,-9.9
TALI,25,23.4,27.2,49.4,1.31,0.345,0.175,0.071,0.478,0.077,1.39,27.4,2.3,0.11
TALI,45,6.6,28.6,64.8,1.67,0.423,0.267,0.065,0.431,0.03,1.29,1.3,0.7,0.57
TALI,60,-9.9,-9.9,-9.9,-9.9,-9.9,-9.9,-9.9,-9.9,-9.9,-9.9,-9.9,-9.9,-9.9
TALI,75,-9.9,-9.9,-9.9,-9.9,-9.9,-9.9,-9.9,-9.9,-9.9,-9.9,-9.9,-9.9,-9.9
TIPT,5,42.6,41.6,15.8,1.48,0.222,0.084,0.032,0.368,0.139,1.39,20.7,6.6,-0.42
TIPT,10,-9.9,-9.9,-9.9,-9.9,-9.9,-9.9,-9.9,-9.9,-9.9,-9.9,-9.9,-9.9,-9.9
TIPT,25,43.9,38.4,17.6,1.58,0.205,0.087,0.034,0.349,0.19,1.36,17.4,8.6,-0.87
TIPT,45,43.4,35.2,21.4,1.46,0.222,0.098,0.039,0.384,0.185,1.36,21.9,8.6,-0.76
TIPT,60,43.1,35.4,21.5,1.45,0.212,0.098,0.04,0.388,0.233,1.36,25,11.3,-0.97
TIPT,75,42.1,34.6,23.3,1.61,0.247,0.106,0.04,0.357,0.101,1.39,9.4,3.8,-0.31
TISH,5,32,50.4,17.6,1.51,0.279,0.083,0.038,0.369,0.038,1.63,11.5,1.5,0.56
TISH,10,-9.9,-9.9,-9.9,-9.9,-9.9,-9.9,-9.9,-9.9,-9.9,-9.9,-9.9,-9.9,-9.9
TISH,25,27.4,43.6,29,1.58,0.348,0.166,0.06,0.402,0.034,1.5,2.8,1,0.52
TISH,45,13.1,33.2,53.7,1.66,-9.9,0.341,0.088,0.399,0.165,1.24,2.8,3.2,-1.88
TISH,60,15.9,33.1,51,1.78,-9.9,0.317,0.081,0.363,0.178,1.21,1.6,3.4,-2.53
TISH,75,18.7,33.9,47.4,1.83,-9.9,0.324,0.077,0.347,0.186,1.2,1.2,3.6,-2.77
TULN,5,27.3,48.8,23.9,1.17,0.374,0.144,0.066,0.476,0.032,1.67,39.2,1.2,0.83
TULN,10,14.3,55.4,30.3,1.54,0.33,0.159,0.062,0.41,0.05,1.45,5.6,1.4,0.29
TULN,25,23.1,47.7,29.2,1.7,0.319,0.142,0.052,0.371,0.034,1.5,1.9,1,0.44
TULN,45,14.2,47,38.7,1.69,0.342,0.211,0.06,0.391,0.088,1.24,1.4,2.2,-0.84
TULN,60,15,39.9,45.1,1.62,0.408,0.261,0.066,0.428,0.049,1.26,0.9,1.1,-0.02
TULN,75,19.9,50.2,29.9,1.86,0.306,0.165,0.046,0.34,0.06,1.3,0.7,1.7,-0.3
VANO,5,52.8,29.6,17.6,1.59,0.245,0.095,0.035,0.359,0.091,1.41,11.9,3.7,-0.12
VANO,10,-9.9,-9.9,-9.9,-9.9,-9.9,-9.9,-9.9,-9.9,-9.9,-9.9,-9.9,-9.9,-9.9
VANO,25,28,27.4,44.6,1.66,0.387,0.28,0.063,0.405,0.133,1.16,1,3.1,-3.04
VANO,45,22,25.6,52.4,1.51,0.44,0.296,0.069,0.462,0.056,1.23,2.3,1.3,-0.22
VANO,60,23.5,26.1,50.3,1.45,0.434,0.296,0.073,0.474,0.08,1.21,4,1.9,-0.81
VANO,75,21.5,27.5,51.1,1.63,0.461,0.306,0.065,0.442,0.031,1.25,0.4,0.7,0.51
VINI,5,15.6,64.1,20.3,1.55,0.319,0.122,0.053,0.393,0.032,1.63,9.9,1.1,0.58
VINI,10,-9.9,-9.9,-9.9,-9.9,-9.9,-9.9,-9.9,-9.9,-9.9,-9.9,-9.9,-9.9,-9.9
VINI,25,25.4,49.9,24.7,1.38,0.247,0.094,0.039,0.399,0.108,1.42,16.7,4.8,-0.1
VINI,45,25.1,42.5,32.4,1.4,0.261,0.143,0.062,0.42,0.206,1.33,16.2,7.7,-1.08
VINI,60,15.3,29.1,55.6,1.35,0.337,0.237,0.101,0.481,0.302,1.23,30.3,8,-2.56
VINI,75,9.6,31,59.4,1.4,0.418,0.257,0.079,0.491,0.058,1.3,10.3,1.4,0.15
WAL2,5,73.2,15.5,11.3,1.52,0.148,0.057,0.027,0.376,0.403,1.37,89.5,25.6,-1.25
WAL2,10,77.8,11.6,10.6,1.52,0.121,0.051,0.029,0.381,0.535,1.44,166.4,40,-1.23
WAL2,25,68.2,13.5,18.3,1.54,0.159,0.087,0.045,0.383,0.473,1.41,100.7,26.8,-1.41
WAL2,45,74.5,9.8,15.7,1.55,0.141,0.076,0.042,0.382,0.521,1.44,145.7,33.3,-1.33
WAL2,60,81.6,6.5,11.9,1.6,0.102,0.046,0.032,0.365,0.57,1.52,246,43.2,-1.18
WAL2,75,-9.9,-9.9,-9.9,-9.9,-9.9,-9.9,-9.9,-9.9,-9.9,-9.9,-9.9,-9.9,-9.9
WALT,5,17.8,50.3,31.8,1.36,0.308,0.196,0.082,0.447,0.24,1.28,16.5,7.2,-1.68
WALT,10,-9.9,-9.9,-9.9,-9.9,-9.9,-9.9,-9.9,-9.9,-9.9,-9.9,-9.9,-9.9,-9.9
WALT,25,14.1,43.6,42.3,1.53,0.35,0.241,0.079,0.43,0.194,1.21,4.5,4.7,-2.41
WALT,45,15.3,42.3,42.3,1.65,0.367,0.262,0.069,0.406,0.169,1.17,1.2,3.8,-3.27
WALT,60,21.2,39.1,39.7,1.71,0.354,0.218,0.058,0.388,0.067,1.25,1,1.7,-0.46
WALT,75,18.6,41,40.3,1.76,0.354,0.25,0.06,0.377,0.15,1.16,0.6,3.5,-3.3
WASH,5,41.2,37.3,21.5,1.54,0.343,0.127,0.055,0.394,0.022,1.73,4.3,0.8,0.72
WASH,10,-9.9,-9.9,-9.9,-9.9,-9.9,-9.9,-9.9,-9.9,-9.9,-9.9,-9.9,-9.9,-9.9
WASH,25,43.5,22.2,34.2,1.69,0.304,0.167,0.05,0.368,0.078,1.31,3.9,2.3,-0.33
WASH,45,49.1,18.4,32.4,1.75,0.302,0.159,0.046,0.355,0.061,1.34,3,1.8,-0.09
WASH,60,40.7,37.9,21.5,1.95,-9.9,0.114,0.042,0.282,0.319,1.18,1.6,8.7,-4.02
WASH,75,27,52.9,20.1,1.87,0.284,0.118,0.039,0.324,0.039,1.45,1.2,1.2,0.22
WATO,5,33.7,43.9,22.5,1.5,0.24,0.094,0.038,0.372,0.107,1.41,12.9,4.4,-0.22
WATO,10,-9.9,-9.9,-9.9,-9.9,-9.9,-9.9,-9.9,-9.9,-9.9,-9.9,-9.9,-9.9,-9.9
WATO,25,28.3,45.1,26.7,1.47,0.256,0.111,0.045,0.39,0.11,1.4,12.4,4.2,-0.26
WATO,45,26.9,44.5,28.6,1.42,0.23,0.112,0.049,0.401,0.211,1.35,16.7,9.3,-0.93
WATO,60,28.1,42.9,29,1.43,0.229,0.118,0.052,0.402,0.238,1.35,17.3,10.2,-1.11
WATO,75,28.3,37.7,33.9,1.64,0.268,0.15,0.055,0.37,0.15,1.29,6.5,4.7,-1.09
WAUR,5,66.1,20.7,13.2,1.45,0.169,0.061,0.027,0.388,0.317,1.36,72.2,19.9,-1.07
WAUR,10,-9.9,-9.9,-9.9,-9.9,-9.9,-9.9,-9.9,-9.9,-9.9,-9.9,-9.9,-9.9,-9.9
WAUR,25,53.1,20.9,26,1.61,0.26,0.131,0.046,0.373,0.13,1.33,12.5,4.7,-0.66
WAUR,45,53.9,25.9,20.2,1.67,0.221,0.11,0.04,0.346,0.195,1.32,12.8,7.7,-1.13
WAUR,60,62.2,22.7,15.1,1.61,0.176,0.081,0.034,0.352,0.314,1.35,34,15.3,-1.3
WAUR,75,68.5,19.5,12,1.77,0.175,0.068,0.026,0.313,0.22,1.34,15,10.4,-1.1
WEAT,5,23.7,61.1,15.3,1.19,0.303,0.111,0.042,0.44,0.063,1.52,68.1,2.8,0.58
WEAT,10,-9.9,-9.9,-9.9,-9.9,-9.9,-9.9,-9.9,-9.9,-9.9,-9.9,-9.9,-9.9,-9.9
WEAT,25,30.8,49.7,19.5,1.13,0.189,0.085,0.034,0.451,0.411,1.37,36,35.5,-1.1
WEAT,45,27.6,50.8,21.6,1.17,0.204,0.1,0.042,0.448,0.378,1.37,32,28.4,-1.12
WEAT,60,25,65.3,9.7,1.02,0.268,0.206,0.127,0.503,0.562,1.54,206.1,26.7,-1.69
WEAT,75,-9.9,-9.9,-9.9,-9.9,-9.9,-9.9,-9.9,-9.9,-9.9,-9.9,-9.9,-9.9,-9.9
WEBR,5,18.5,65.8,15.7,1.45,0.281,0.083,0.037,0.382,0.041,1.63,24.1,1.7,0.6
WEBR,10,-9.9,-9.9,-9.9,-9.9,-9.9,-9.9,-9.9,-9.9,-9.9,-9.9,-9.9,-9.9,-9.9
WEBR,25,12.2,64.6,23.2,1.45,0.239,0.11,0.043,0.387,0.168,1.36,16.8,7.2,-0.71
WEBR,45,15.1,59.8,25.2,1.43,0.267,0.121,0.048,0.4,0.112,1.39,15.3,4.2,-0.29
WEBR,60,22.3,58.3,19.4,1.36,0.218,0.087,0.034,0.39,0.182,1.38,23,9.5,-0.61
WEBR,75,28.5,57,14.4,1.43,0.181,0.064,0.026,0.359,0.24,1.37,25.1,13.4,-0.88
WEST,5,18.8,67.9,13.3,1.1,0.249,0.047,0.022,0.422,0.079,1.51,65.5,4.7,0.62
WEST,10,-9.9,-9.9,-9.9,-9.9,-9.9,-9.9,-9.9,-9.9,-9.9,-9.9,-9.9,-9.9,-9.9
WEST,25,11.2,60.7,28.2,1.35,0.229,0.085,0.037,0.403,0.142,1.41,13.8,7,-0.3
WEST,45,12,51.2,36.8,1.12,0.213,0.127,0.071,0.484,0.476,1.41,19,37.3,-1.36
WEST,60,-9.9,-9.9,-9.9,-9.9,-9.9,-9.9,-9.9,-9.9,-9.9,-9.9,-9.9,-9.9,-9.9
WEST,75,-9.9,-9.9,-9.9,-9.9,-9.9,-9.9,-9.9,-9.9,-9.9,-9.9,-9.9,-9.9,-9.9
WILB,5,33.1,51.7,15.1,1.42,0.28,0.083,0.036,0.382,0.043,1.61,20.6,1.8,0.6
WILB,10,-9.9,-9.9,-9.9,-9.9,-9.9,-9.9,-9.9,-9.9,-9.9,-9.9,-9.9,-9.9,-9.9
WILB,25,27.8,51.3,20.9,1.62,0.282,0.108,0.043,0.361,0.047,1.51,6.4,1.6,0.32
WILB,45,21.1,32.6,46.3,1.35,0.335,0.203,0.079,0.469,0.154,1.29,21.7,4.5,-1.04
WILB,60,17.6,19.8,62.6,1.29,0.369,0.251,0.094,0.513,0.228,1.23,39.8,6.8,-2.18
WILB,75,8.7,27.4,63.9,1.37,0.365,0.271,0.105,0.489,0.321,1.2,24.9,7.8,-3.34
WIST,5,17.5,61.8,20.8,1.51,0.323,0.115,0.053,0.398,0.028,1.7,10.7,1,0.66
WIST,10,-9.9,-9.9,-9.9,-9.9,-9.9,-9.9,-9.9,-9.9,-9.9,-9.9,-9.9,-9.9,-9.9
WIST,25,9.9,61.2,28.9,1.45,0.27,0.126,0.052,0.405,0.115,1.38,12.2,4.2,-0.35
WIST,45,5.6,29.2,65.2,1.41,0.397,0.283,0.087,0.487,0.179,1.19,13.3,4.2,-2.53
WIST,60,8.8,17.9,73.3,1.34,0.421,0.283,0.082,0.515,0.109,1.22,20.1,2.8,-1.07
WIST,75,4.4,24.9,70.8,1.44,0.417,0.288,0.079,0.486,0.105,1.21,9.8,2.4,-1.34
WOOD,5,35.3,36.2,28.6,1.37,0.226,0.096,0.042,0.412,0.184,1.37,25.5,9.2,-0.63
WOOD,10,-9.9,-9.9,-9.9,-9.9,-9.9,-9.9,-9.9,-9.9,-9.9,-9.9,-9.9,-9.9,-9.9
WOOD,25,38.2,37,24.9,1.3,0.213,0.088,0.038,0.423,0.232,1.36,31.3,13.8,-0.76
WOOD,45,39.3,36,24.6,1.22,0.165,0.077,0.038,0.443,0.474,1.4,42.7,41.4,-1.16
WOOD,60,38.9,36.3,24.8,1.3,0.159,0.079,0.042,0.421,0.474,1.43,39.4,36.2,-1.19
WOOD,75,42.6,31.9,25.5,1.33,0.155,0.082,0.046,0.418,0.497,1.45,51.2,37.1,-1.22
WYNO,5,25.4,48.3,26.3,1.05,0.335,0.152,0.059,0.505,0.095,1.41,69.3,4.1,0.24
WYNO,10,-9.9,-9.9,-9.9,-9.9,-9.9,-9.9,-9.9,-9.9,-9.9,-9.9,-9.9,-9.9,-9.9
WYNO,25,34.2,37,28.8,1.41,0.327,0.201,0.071,0.438,0.162,1.28,11.4,4.8,-1.16
WYNO,45,31.7,31.6,36.7,0.92,-9.9,0.144,0.1,0.588,0.16,1.4,128,6.6,-0.69
WYNO,60,27.1,35.2,37.7,1.29,0.369,0.184,0.072,0.478,0.055,1.44,16.4,1.6,0.4
WYNO,75,9.8,37.2,53,1.69,-9.9,0.311,0.087,0.394,0.157,1.25,2.1,3.1,-1.78